{"content":[{"id":"28411b9c","settings":{"content_width":{"unit":"px","size":1430,"sizes":[]},"padding":{"unit":"px","top":"0","right":"10","bottom":"0","left":"10","isLinked":false},"css_classes":"fsp-newsletter-sec","z_index":2},"elements":[{"id":"4ee6da8d","settings":{"_column_size":100,"_inline_size":null,"background_background":"classic","background_color_b":"","background_gradient_angle":{"unit":"deg","size":"","sizes":[]},"border_radius":{"unit":"px","top":"50","right":"50","bottom":"50","left":"50","isLinked":true},"padding":{"unit":"px","top":"46","right":"46","bottom":"46","left":"46","isLinked":true},"space_between_widgets":15,"margin":{"unit":"px","top":"0","right":"10","bottom":"-60","left":"10","isLinked":false},"css_classes":"fsp-newsletter-col","border_radius_mobile":{"unit":"px","top":"20","right":"20","bottom":"20","left":"20","isLinked":false},"margin_tablet":{"unit":"px","top":"0","right":"10","bottom":"-100","left":"10","isLinked":false},"padding_mobile":{"unit":"px","top":"20","right":"20","bottom":"20","left":"20","isLinked":true}},"elements":[{"id":"46a7cceb","settings":{"editor":"Blossom Buzz: Stay in the Loop with Our Floral News & Offers!","align":"center","text_color":"#FFFFFF","typography_typography":"custom","typography_font_family":"Montserrat","typography_font_size":{"unit":"px","size":16,"sizes":[]},"typography_font_weight":"600"},"elements":[],"isInner":false,"widgetType":"text-editor","elType":"widget"},{"id":"600a166c","settings":{"title":"Sign up today for exclusive updates, tips, and special discounts delivered straight to your inbox!","header_size":"h5","align":"center","title_color":"#FFFFFF","typography_typography":"custom","typography_font_family":"Playfair Display","typography_font_size":{"unit":"px","size":22,"sizes":[]},"typography_font_weight":"600","typography_line_height":{"unit":"px","size":30,"sizes":[]}},"elements":[],"isInner":false,"widgetType":"heading","elType":"widget"},{"id":"786f4cb5","settings":{"shortcode":"[contact-form-7 id=\"\" title=\"Newsletter\"]","_css_classes":"fsp-newsletter-form"},"elements":[],"isInner":false,"widgetType":"shortcode","elType":"widget"}],"isInner":false,"elType":"column"}],"isInner":false,"elType":"section"},{"id":"34aff141","settings":{"content_width":{"unit":"px","size":1430,"sizes":[]},"structure":"40","background_background":"classic","background_color":"#F4F2FF","padding":{"unit":"px","top":"150","right":"10","bottom":"150","left":"10","isLinked":false},"padding_tablet":{"unit":"px","top":"150","right":"10","bottom":"200","left":"10","isLinked":false},"padding_mobile":{"unit":"px","top":"150","right":"10","bottom":"100","left":"10","isLinked":false}},"elements":[{"id":"224cb3ca","settings":{"_column_size":25,"_inline_size":40,"space_between_widgets":20,"_inline_size_tablet":50,"z_index":2},"elements":[{"id":"108c78aa","settings":{"image":{"url":"http:\/\/localhost\/demo\/wp-content\/uploads\/2024\/04\/flower-shop-logo-2.png","id":154,"size":"","alt":"","source":"library"},"image_size":"full","align":"left","width":{"unit":"%","size":100,"sizes":[]},"space":{"unit":"px","size":150,"sizes":[]},"space_tablet":{"unit":"px","size":"","sizes":[]},"space_mobile":{"unit":"px","size":"","sizes":[]},"align_mobile":"center"},"elements":[],"isInner":false,"widgetType":"image","elType":"widget"},{"id":"3a7c77dd","settings":{"editor":"Blossom Heaven: Where floral dreams come to life. Discover exquisite blooms and arrangements for every occasion.","text_color":"#7469B6","typography_typography":"custom","typography_font_family":"Montserrat","typography_font_size":{"unit":"px","size":16,"sizes":[]},"typography_font_weight":"400","typography_line_height":{"unit":"px","size":20,"sizes":[]},"_margin":{"unit":"px","top":"0","right":"0","bottom":"30","left":"0","isLinked":false},"_element_width":"initial","_element_custom_width":{"unit":"px","size":400,"sizes":[]},"align_mobile":"center","_element_width_mobile":"inherit"},"elements":[],"isInner":false,"widgetType":"text-editor","elType":"widget"},{"id":"259a34ee","settings":{"title":"Blossom Heaven","header_size":"h5","title_color":"#7469B6","typography_typography":"custom","typography_font_family":"Playfair Display","typography_font_size":{"unit":"px","size":18,"sizes":[]},"typography_font_weight":"600","typography_line_height":{"unit":"px","size":24,"sizes":[]},"align_mobile":"center"},"elements":[],"isInner":false,"widgetType":"heading","elType":"widget"},{"id":"2e8bfadf","settings":{"editor":"123 Comfort Lane Artisan City,\nFL54321United States","text_color":"#7469B6","typography_typography":"custom","typography_font_family":"Montserrat","typography_font_size":{"unit":"px","size":16,"sizes":[]},"typography_font_weight":"400","typography_line_height":{"unit":"px","size":20,"sizes":[]},"_margin":{"unit":"px","top":"-10","right":"0","bottom":"30","left":"0","isLinked":false},"_element_width":"initial","_element_custom_width":{"unit":"px","size":240,"sizes":[]},"align_mobile":"center","_element_width_mobile":"inherit"},"elements":[],"isInner":false,"widgetType":"text-editor","elType":"widget"},{"id":"44347511","settings":{"icon_list":[{"text":"+0555-1234-5678 ","selected_icon":{"value":"","library":""},"_id":"55067d0","link":{"url":"tel:+0555-1234-5678 ","is_external":"","nofollow":"","custom_attributes":""}}],"space_between":{"unit":"px","size":0,"sizes":[]},"icon_align":"left","icon_typography_typography":"custom","icon_typography_font_family":"Montserrat","icon_typography_font_size":{"unit":"px","size":16,"sizes":[]},"icon_typography_font_weight":"400","icon_typography_line_height":{"unit":"px","size":20,"sizes":[]},"text_color":"#7469B6","icon_align_mobile":"center"},"elements":[],"isInner":false,"widgetType":"icon-list","elType":"widget"},{"id":"4f88a892","settings":{"social_icon_list":[{"social_icon":{"value":"fab fa-facebook-f","library":"fa-brands"},"_id":"8f1517e","link":{"url":"https:\/\/www.facebook.com\/","is_external":"true","nofollow":"","custom_attributes":""},"item_icon_color":"custom"},{"social_icon":{"value":"fab fa-instagram","library":"fa-brands"},"_id":"eb4936c","link":{"url":"https:\/\/www.instagram.com\/","is_external":"true","nofollow":"","custom_attributes":""}},{"social_icon":{"value":"fab fa-twitter","library":"fa-brands"},"_id":"028635f","link":{"url":"https:\/\/twitter.com\/","is_external":"true","nofollow":"","custom_attributes":""}},{"social_icon":{"value":"icon icon-pinterest","library":"ekiticons"},"link":{"url":"https:\/\/in.pinterest.com\/","is_external":"true","nofollow":"","custom_attributes":""},"_id":"10f38f3"}],"align":"left","icon_color":"custom","icon_primary_color":"#7469B6","icon_secondary_color":"#FFFFFF","icon_size":{"unit":"px","size":15,"sizes":[]},"icon_spacing":{"unit":"px","size":10,"sizes":[]},"align_mobile":"center"},"elements":[],"isInner":false,"widgetType":"social-icons","elType":"widget"}],"isInner":false,"elType":"column"},{"id":"6907eccd","settings":{"_column_size":25,"_inline_size":20,"_inline_size_tablet":50,"margin_mobile":{"unit":"px","top":"20","right":"0","bottom":"0","left":"0","isLinked":false}},"elements":[{"id":"52b89b6","settings":{"title":"About Us","header_size":"h4","title_color":"#7469B6","typography_typography":"custom","typography_font_family":"Playfair Display","typography_font_size":{"unit":"px","size":22,"sizes":[]},"typography_font_weight":"600","typography_line_height":{"unit":"px","size":30,"sizes":[]},"align_mobile":"center"},"elements":[],"isInner":false,"widgetType":"heading","elType":"widget"},{"id":"7ad98f1d","settings":{"menu":"about-us","layout":"vertical","dropdown":"none","padding_horizontal_menu_item":{"unit":"px","size":0,"sizes":[]},"padding_vertical_menu_item":{"unit":"px","size":0,"sizes":[]},"menu_space_between":{"unit":"px","size":10,"sizes":[]},"menu_typography_typography":"custom","menu_typography_font_family":"Montserrat","menu_typography_font_size":{"unit":"px","size":16,"sizes":[]},"menu_typography_font_weight":"400","menu_typography_line_height":{"unit":"px","size":20,"sizes":[]},"color_menu_item":"#6F6F6F","color_menu_item_hover":"#7469B6","color_menu_item_active":"#7469B6","padding_vertical_menu_item_tablet":{"unit":"px","size":5,"sizes":[]},"_css_classes":"fsp-footer-menu"},"elements":[],"isInner":false,"widgetType":"navigation-menu","elType":"widget"}],"isInner":false,"elType":"column"},{"id":"399e5a8e","settings":{"_column_size":25,"_inline_size":20,"_inline_size_tablet":50,"margin_tablet":{"unit":"px","top":"20","right":"0","bottom":"0","left":"0","isLinked":false}},"elements":[{"id":"59707df2","settings":{"title":"Shop","header_size":"h4","title_color":"#7469B6","typography_typography":"custom","typography_font_family":"Playfair Display","typography_font_size":{"unit":"px","size":22,"sizes":[]},"typography_font_weight":"600","typography_line_height":{"unit":"px","size":30,"sizes":[]},"align_mobile":"center"},"elements":[],"isInner":false,"widgetType":"heading","elType":"widget"},{"id":"671bd402","settings":{"menu":"shop","layout":"vertical","dropdown":"none","padding_horizontal_menu_item":{"unit":"px","size":0,"sizes":[]},"padding_vertical_menu_item":{"unit":"px","size":0,"sizes":[]},"menu_space_between":{"unit":"px","size":10,"sizes":[]},"menu_typography_typography":"custom","menu_typography_font_family":"Montserrat","menu_typography_font_size":{"unit":"px","size":16,"sizes":[]},"menu_typography_font_weight":"400","menu_typography_line_height":{"unit":"px","size":20,"sizes":[]},"color_menu_item":"#6F6F6F","color_menu_item_hover":"#7469B6","color_menu_item_active":"#7469B6","padding_vertical_menu_item_tablet":{"unit":"px","size":5,"sizes":[]},"_css_classes":"fsp-footer-menu"},"elements":[],"isInner":false,"widgetType":"navigation-menu","elType":"widget"}],"isInner":false,"elType":"column"},{"id":"30584b43","settings":{"_column_size":25,"_inline_size":20,"_inline_size_tablet":50,"margin_tablet":{"unit":"px","top":"20","right":"0","bottom":"0","left":"0","isLinked":false}},"elements":[{"id":"39200c09","settings":{"title":"Customer Support","header_size":"h4","title_color":"#7469B6","typography_typography":"custom","typography_font_family":"Playfair Display","typography_font_size":{"unit":"px","size":22,"sizes":[]},"typography_font_weight":"600","typography_line_height":{"unit":"px","size":30,"sizes":[]},"align_mobile":"center"},"elements":[],"isInner":false,"widgetType":"heading","elType":"widget"},{"id":"34a3f3b8","settings":{"menu":"customer-support","layout":"vertical","dropdown":"none","padding_horizontal_menu_item":{"unit":"px","size":0,"sizes":[]},"padding_vertical_menu_item":{"unit":"px","size":0,"sizes":[]},"menu_space_between":{"unit":"px","size":10,"sizes":[]},"menu_typography_typography":"custom","menu_typography_font_family":"Montserrat","menu_typography_font_size":{"unit":"px","size":16,"sizes":[]},"menu_typography_font_weight":"400","menu_typography_line_height":{"unit":"px","size":20,"sizes":[]},"color_menu_item":"#6F6F6F","color_menu_item_hover":"#7469B6","color_menu_item_active":"#7469B6","padding_vertical_menu_item_tablet":{"unit":"px","size":5,"sizes":[]},"_css_classes":"fsp-footer-menu"},"elements":[],"isInner":false,"widgetType":"navigation-menu","elType":"widget"}],"isInner":false,"elType":"column"}],"isInner":false,"elType":"section"},{"id":"56f0ff58","settings":{"content_width":{"unit":"px","size":1430,"sizes":[]},"gap":"no","_title":"Card"},"elements":[{"id":"33ead27a","settings":{"_column_size":100,"_inline_size":null,"align":"flex-end","css_classes":"fsp-footer-card"},"elements":[{"id":"46b5acc","settings":{"wp_gallery":[{"id":318,"url":"http:\/\/localhost\/demo\/wp-content\/uploads\/2024\/04\/visa.jpg"},{"id":319,"url":"http:\/\/localhost\/demo\/wp-content\/uploads\/2024\/04\/stripe.jpg"},{"id":320,"url":"http:\/\/localhost\/demo\/wp-content\/uploads\/2024\/04\/paypal.jpg"},{"id":321,"url":"http:\/\/localhost\/demo\/wp-content\/uploads\/2024\/04\/mastercard.jpg"},{"id":322,"url":"http:\/\/localhost\/demo\/wp-content\/uploads\/2024\/04\/discover.jpg"},{"id":323,"url":"http:\/\/localhost\/demo\/wp-content\/uploads\/2024\/04\/apple-pay.jpg"}],"thumbnail_size":"full","gallery_display_caption":"none","gallery_link":"none","image_spacing":"custom","image_spacing_custom":{"unit":"px","size":5,"sizes":[]},"gallery_columns":"6","image_border_border":"none","image_border_radius":{"unit":"px","top":"0","right":"0","bottom":"0","left":"0","isLinked":true},"_element_width":"auto","_position":"absolute","_offset_orientation_h":"end","_offset_x":{"unit":"px","size":"","sizes":[]},"_offset_orientation_v":"end","_offset_y":{"unit":"px","size":"","sizes":[]},"_offset_y_end":{"unit":"px","size":150,"sizes":[]},"_offset_y_end_tablet":{"unit":"px","size":20,"sizes":[]}},"elements":[],"isInner":false,"widgetType":"image-gallery","elType":"widget"}],"isInner":false,"elType":"column"}],"isInner":false,"elType":"section"},{"id":"dece663","settings":{"layout":"full_width","gap":"no","_title":"Flower"},"elements":[{"id":"58b92695","settings":{"_column_size":100,"_inline_size":null},"elements":[{"id":"50b70de3","settings":{"image":{"url":"http:\/\/localhost\/demo\/wp-content\/uploads\/2024\/04\/flower-footer.png","id":335,"size":"","alt":"","source":"library"},"image_size":"full","align":"left","width":{"unit":"%","size":100,"sizes":[]},"space":{"unit":"px","size":230,"sizes":[]},"space_tablet":{"unit":"px","size":"","sizes":[]},"space_mobile":{"unit":"px","size":100,"sizes":[]},"_element_width":"auto","_position":"absolute","_offset_orientation_h":"end","_offset_x_end":{"unit":"px","size":"","sizes":[]},"_offset_orientation_v":"end","_offset_y":{"unit":"px","size":"","sizes":[]},"_offset_y_end_mobile":{"unit":"px","size":0,"sizes":[]}},"elements":[],"isInner":false,"widgetType":"image","elType":"widget"}],"isInner":false,"elType":"column"}],"isInner":false,"elType":"section"}],"page_settings":[],"version":"0.4","title":"flower-footer-15-4-24","type":"page"}