{"content":[{"id":"589d4b4a","settings":{"content_width":{"unit":"px","size":1410,"sizes":[]},"height":"min-height","background_background":"classic","background_image":{"id":"174","url":"http:\/\/localhost\/test2\/wp-content\/uploads\/2024\/05\/hero-banner-scaled-1-2.jpg"},"background_position":"center center","background_repeat":"no-repeat","background_size":"cover","background_overlay_background":"gradient","background_overlay_color":"#000000DE","background_overlay_color_b":"#00000000","background_overlay_opacity":{"unit":"px","size":1,"sizes":[]},"border_radius":{"unit":"px","top":"20","right":"20","bottom":"20","left":"20","isLinked":true},"padding":{"unit":"px","top":"10","right":"10","bottom":"10","left":"10","isLinked":true},"background_overlay_color_b_stop":{"unit":"%","size":55,"sizes":[]}},"elements":[{"id":"1f709835","settings":{"_column_size":100,"_inline_size":null},"elements":[{"id":"182a68c9","settings":{"title":"Privacy & Policy","header_size":"h1","align":"center","title_color":"#FFFFFF","typography_typography":"custom","typography_font_family":"Playfair Display","typography_font_size":{"unit":"px","size":58,"sizes":[]},"typography_font_weight":"700","typography_line_height":{"unit":"px","size":77,"sizes":[]},"typography_font_size_mobile":{"unit":"px","size":42,"sizes":[]},"typography_line_height_mobile":{"unit":"px","size":50,"sizes":[]}},"elements":[],"isInner":false,"widgetType":"heading","elType":"widget"}],"isInner":false,"elType":"column"}],"isInner":false,"elType":"section"},{"id":"619e87b5","settings":{"content_width":{"unit":"px","size":1410,"sizes":[]},"structure":"20","padding":{"unit":"px","top":"90","right":"10","bottom":"90","left":"10","isLinked":false},"gap":"no","padding_tablet":{"unit":"px","top":"60","right":"10","bottom":"60","left":"10","isLinked":false},"padding_mobile":{"unit":"px","top":"40","right":"10","bottom":"40","left":"10","isLinked":false}},"elements":[{"id":"f27ee40","settings":{"_column_size":50,"_inline_size":null,"space_between_widgets":0,"z_index":2,"_inline_size_tablet":100,"padding_tablet":{"unit":"px","top":"10","right":"10","bottom":"0","left":"10","isLinked":false}},"elements":[{"id":"74954553","settings":{"layout":"full_width","gap":"no","structure":"20"},"elements":[{"id":"43d02e75","settings":{"_column_size":50,"_inline_size":null,"content_position_tablet":"center","padding":{"unit":"px","top":"0","right":"10","bottom":"0","left":"0","isLinked":false},"padding_mobile":{"unit":"px","top":"0","right":"0","bottom":"20","left":"0","isLinked":false}},"elements":[{"id":"7ff679ed","settings":{"title":"Privacy","header_size":"h6","title_color":"#7469B6","typography_typography":"custom","typography_font_family":"Playfair Display","typography_font_size":{"unit":"px","size":22,"sizes":[]},"typography_font_weight":"600","typography_line_height":{"unit":"px","size":30,"sizes":[]},"align":"right","align_mobile":"center"},"elements":[],"isInner":false,"widgetType":"heading","elType":"widget"},{"id":"23aac707","settings":{"editor":"Privacy is of utmost importance to us. We are committed to safeguarding the personal information of our users and maintaining the confidentiality of any data shared with us. Our privacy policy outlines how we collect, use, and protect your information, ensuring transparency and accountability in our practices. We strive to uphold the highest standards of privacy protection, adhering to relevant laws and regulations to ensure your peace of mind when using our services. Your trust is paramount to us, and we take every measure to respect and protect your privacy at all times.","text_color":"#6F6F6F","typography_typography":"custom","typography_font_family":"Montserrat","typography_font_size":{"unit":"px","size":16,"sizes":[]},"typography_font_weight":"400","typography_line_height":{"unit":"px","size":20,"sizes":[]},"_element_custom_width":{"unit":"px","size":603,"sizes":[]},"align":"right","align_mobile":"center"},"elements":[],"isInner":false,"widgetType":"text-editor","elType":"widget"}],"isInner":true,"elType":"column"},{"id":"299a1d91","settings":{"_column_size":50,"_inline_size":null},"elements":[{"id":"663ccdff","settings":{"image":{"id":420,"url":"http:\/\/localhost\/test2\/wp-content\/uploads\/2024\/05\/privacy1-1.jpg"},"image_size":"full","align_tablet":"center","width_tablet":{"unit":"%","size":100,"sizes":[]}},"elements":[],"isInner":false,"widgetType":"image","elType":"widget"}],"isInner":true,"elType":"column"}],"isInner":true,"elType":"section"}],"isInner":false,"elType":"column"},{"id":"260302d2","settings":{"_column_size":50,"_inline_size":null,"margin":{"unit":"px","top":"0","right":"0","bottom":"0","left":"-50","isLinked":false},"padding":{"unit":"px","top":"50","right":"0","bottom":"0","left":"0","isLinked":false},"_inline_size_tablet":100,"margin_tablet":{"unit":"px","top":"0","right":"0","bottom":"0","left":"0","isLinked":false},"padding_tablet":{"unit":"px","top":"0","right":"10","bottom":"10","left":"10","isLinked":false},"padding_mobile":{"unit":"px","top":"50","right":"10","bottom":"10","left":"10","isLinked":false}},"elements":[{"id":"1631f784","settings":{"layout":"full_width","gap":"no","structure":"20","reverse_order_mobile":"reverse-mobile"},"elements":[{"id":"192de4be","settings":{"_column_size":50,"_inline_size":null},"elements":[{"id":"53b7b01a","settings":{"image":{"id":421,"url":"http:\/\/localhost\/test2\/wp-content\/uploads\/2024\/05\/privacy2-1.jpg"},"image_size":"full","align_tablet":"center","width_tablet":{"unit":"%","size":100,"sizes":[]}},"elements":[],"isInner":false,"widgetType":"image","elType":"widget"}],"isInner":true,"elType":"column"},{"id":"1d095a2","settings":{"_column_size":50,"_inline_size":null,"content_position_tablet":"center","padding":{"unit":"px","top":"0","right":"0","bottom":"0","left":"10","isLinked":false},"padding_mobile":{"unit":"px","top":"0","right":"0","bottom":"20","left":"0","isLinked":false}},"elements":[{"id":"6c1beff6","settings":{"title":"Policy","header_size":"h6","title_color":"#7469B6","typography_typography":"custom","typography_font_family":"Playfair Display","typography_font_size":{"unit":"px","size":22,"sizes":[]},"typography_font_weight":"600","typography_line_height":{"unit":"px","size":30,"sizes":[]},"align_mobile":"center"},"elements":[],"isInner":false,"widgetType":"heading","elType":"widget"},{"id":"2897cf64","settings":{"editor":"Our policy encompasses the guidelines and principles that govern our interactions and operations. It serves as a framework for ensuring consistency, fairness, and accountability in all aspects of our business. Our policy outlines the rules, procedures, and standards that guide our decisions and actions, reflecting our commitment to integrity, ethics, and compliance. By adhering to our policy, we strive to create a positive and trustworthy environment for our stakeholders, fostering mutual respect, transparency, and collaboration.","text_color":"#6F6F6F","typography_typography":"custom","typography_font_family":"Montserrat","typography_font_size":{"unit":"px","size":16,"sizes":[]},"typography_font_weight":"400","typography_line_height":{"unit":"px","size":20,"sizes":[]},"_element_custom_width":{"unit":"px","size":603,"sizes":[]},"align_mobile":"center"},"elements":[],"isInner":false,"widgetType":"text-editor","elType":"widget"}],"isInner":true,"elType":"column"}],"isInner":true,"elType":"section"}],"isInner":false,"elType":"column"}],"isInner":false,"elType":"section"},{"id":"37bbf4fd","settings":{"background_background":"classic","background_color":"#F4F2FF","border_radius":{"unit":"px","top":"46","right":"46","bottom":"46","left":"46","isLinked":true},"_title":"Shop","margin":{"unit":"px","top":"","right":0,"bottom":"","left":0,"isLinked":true}},"elements":[{"id":"75fbc13","settings":{"_column_size":100,"_inline_size":null,"space_between_widgets":10,"padding":{"unit":"px","top":"20","right":"10","bottom":"20","left":"10","isLinked":false}},"elements":[{"id":"2c0eb8c3","settings":{"title":"Privacy and","header_size":"h6","align":"center","title_color":"#7469B6","typography_typography":"custom","typography_font_family":"Montserrat","typography_font_size":{"unit":"px","size":16,"sizes":[]},"typography_font_weight":"600","typography_line_height":{"unit":"px","size":20,"sizes":[]}},"elements":[],"isInner":false,"widgetType":"heading","elType":"widget"},{"id":"74dd7c67","settings":{"title":"Policy","header_size":"h3","align":"center","title_color":"#AD88C6","typography_typography":"custom","typography_font_family":"Playfair Display","typography_font_size":{"unit":"px","size":25,"sizes":[]},"typography_font_weight":"700","typography_line_height":{"unit":"px","size":34,"sizes":[]}},"elements":[],"isInner":false,"widgetType":"heading","elType":"widget"}],"isInner":false,"elType":"column"}],"isInner":false,"elType":"section"},{"id":"1d1b472b","settings":{"content_width":{"unit":"px","size":1410,"sizes":[]},"padding":{"unit":"px","top":"50","right":"10","bottom":"90","left":"10","isLinked":false},"padding_tablet":{"unit":"px","top":"50","right":"10","bottom":"60","left":"10","isLinked":false},"padding_mobile":{"unit":"px","top":"20","right":"10","bottom":"40","left":"10","isLinked":false}},"elements":[{"id":"409c6644","settings":{"_column_size":100,"_inline_size":null},"elements":[{"id":"6d1e2417","settings":{"layout":"full_width","gap":"no"},"elements":[{"id":"6d34d54","settings":{"_column_size":100,"_inline_size":null,"space_between_widgets":15,"border_border":"solid","border_width":{"unit":"px","top":"0","right":"0","bottom":"1","left":"0","isLinked":false},"border_color":"#AD88C6","padding":{"unit":"px","top":"20","right":"10","bottom":"20","left":"10","isLinked":false}},"elements":[{"id":"5cac115c","settings":{"title":"Privacy Policy","header_size":"h6","title_color":"#7469B6","typography_typography":"custom","typography_font_family":"Playfair Display","typography_font_size":{"unit":"px","size":22,"sizes":[]},"typography_font_weight":"600","typography_line_height":{"unit":"px","size":30,"sizes":[]},"align":"left"},"elements":[],"isInner":false,"widgetType":"heading","elType":"widget"},{"id":"1a738af1","settings":{"editor":"At Blossom Heaven, we prioritize the privacy and security of our users' personal information. This Privacy Policy outlines how we collect, use, and protect the data you provide to us.","text_color":"#6F6F6F","typography_typography":"custom","typography_font_family":"Montserrat","typography_font_size":{"unit":"px","size":16,"sizes":[]},"typography_font_weight":"500","typography_line_height":{"unit":"px","size":20,"sizes":[]},"_element_custom_width":{"unit":"px","size":603,"sizes":[]},"align":"justify"},"elements":[],"isInner":false,"widgetType":"text-editor","elType":"widget"}],"isInner":true,"elType":"column"}],"isInner":true,"elType":"section"},{"id":"31b8457f","settings":{"layout":"full_width","gap":"no"},"elements":[{"id":"14456be7","settings":{"_column_size":100,"_inline_size":null,"space_between_widgets":15,"border_border":"solid","border_width":{"unit":"px","top":"0","right":"0","bottom":"1","left":"0","isLinked":false},"border_color":"#AD88C6","padding":{"unit":"px","top":"20","right":"10","bottom":"20","left":"10","isLinked":false}},"elements":[{"id":"44afa7f1","settings":{"title":"Information Collection:","header_size":"h6","title_color":"#7469B6","typography_typography":"custom","typography_font_family":"Playfair Display","typography_font_size":{"unit":"px","size":22,"sizes":[]},"typography_font_weight":"600","typography_line_height":{"unit":"px","size":30,"sizes":[]},"align":"left"},"elements":[],"isInner":false,"widgetType":"heading","elType":"widget"},{"id":"27e14d7a","settings":{"editor":"We may collect personal information such as name, email address, phone number, and billing details when you interact with our website or use our services. This information is used to provide and improve our services, communicate with you, process transactions, and personalize your experience.","text_color":"#6F6F6F","typography_typography":"custom","typography_font_family":"Montserrat","typography_font_size":{"unit":"px","size":16,"sizes":[]},"typography_font_weight":"500","typography_line_height":{"unit":"px","size":20,"sizes":[]},"_element_custom_width":{"unit":"px","size":603,"sizes":[]},"align":"justify"},"elements":[],"isInner":false,"widgetType":"text-editor","elType":"widget"}],"isInner":true,"elType":"column"}],"isInner":true,"elType":"section"},{"id":"1d64a35b","settings":{"layout":"full_width","gap":"no"},"elements":[{"id":"43c82170","settings":{"_column_size":100,"_inline_size":null,"space_between_widgets":15,"border_border":"solid","border_width":{"unit":"px","top":"0","right":"0","bottom":"1","left":"0","isLinked":false},"border_color":"#AD88C6","padding":{"unit":"px","top":"20","right":"10","bottom":"20","left":"10","isLinked":false}},"elements":[{"id":"41f84bbb","settings":{"title":"Data Usage:","header_size":"h6","title_color":"#7469B6","typography_typography":"custom","typography_font_family":"Playfair Display","typography_font_size":{"unit":"px","size":22,"sizes":[]},"typography_font_weight":"600","typography_line_height":{"unit":"px","size":30,"sizes":[]},"align":"left"},"elements":[],"isInner":false,"widgetType":"heading","elType":"widget"},{"id":"38857888","settings":{"editor":"Your personal information may be used for various purposes, including but not limited to: providing customer support, sending promotional materials, analyzing website usage trends, and complying with legal obligations.","text_color":"#6F6F6F","typography_typography":"custom","typography_font_family":"Montserrat","typography_font_size":{"unit":"px","size":16,"sizes":[]},"typography_font_weight":"500","typography_line_height":{"unit":"px","size":20,"sizes":[]},"_element_custom_width":{"unit":"px","size":603,"sizes":[]},"align":"justify"},"elements":[],"isInner":false,"widgetType":"text-editor","elType":"widget"}],"isInner":true,"elType":"column"}],"isInner":true,"elType":"section"},{"id":"53828109","settings":{"layout":"full_width","gap":"no"},"elements":[{"id":"16218ba5","settings":{"_column_size":100,"_inline_size":null,"space_between_widgets":15,"border_border":"solid","border_width":{"unit":"px","top":"0","right":"0","bottom":"1","left":"0","isLinked":false},"border_color":"#AD88C6","padding":{"unit":"px","top":"20","right":"10","bottom":"20","left":"10","isLinked":false}},"elements":[{"id":"4a5dffa7","settings":{"title":"License:","header_size":"h6","title_color":"#7469B6","typography_typography":"custom","typography_font_family":"Playfair Display","typography_font_size":{"unit":"px","size":22,"sizes":[]},"typography_font_weight":"600","typography_line_height":{"unit":"px","size":30,"sizes":[]},"align":"left"},"elements":[],"isInner":false,"widgetType":"heading","elType":"widget"},{"id":"74b85acf","settings":{"editor":"Unless otherwise stated, Blossom Heaven and\/or its licensors own the intellectual property rights for all material on Blossom Heaven. All intellectual property rights are reserved. You may access this from Blossom Heaven for your own personal use subjected to restrictions set in these terms and conditions.","text_color":"#6F6F6F","typography_typography":"custom","typography_font_family":"Montserrat","typography_font_size":{"unit":"px","size":16,"sizes":[]},"typography_font_weight":"500","typography_line_height":{"unit":"px","size":20,"sizes":[]},"_element_custom_width":{"unit":"px","size":603,"sizes":[]},"align":"justify"},"elements":[],"isInner":false,"widgetType":"text-editor","elType":"widget"}],"isInner":true,"elType":"column"}],"isInner":true,"elType":"section"},{"id":"80c000a","settings":{"layout":"full_width","gap":"no"},"elements":[{"id":"73447ded","settings":{"_column_size":100,"_inline_size":null,"space_between_widgets":15,"border_border":"solid","border_width":{"unit":"px","top":"0","right":"0","bottom":"1","left":"0","isLinked":false},"border_color":"#AD88C6","padding":{"unit":"px","top":"20","right":"10","bottom":"20","left":"10","isLinked":false}},"elements":[{"id":"5b4e50dd","settings":{"title":"Data Protection:","header_size":"h6","title_color":"#7469B6","typography_typography":"custom","typography_font_family":"Playfair Display","typography_font_size":{"unit":"px","size":22,"sizes":[]},"typography_font_weight":"600","typography_line_height":{"unit":"px","size":30,"sizes":[]},"align":"left"},"elements":[],"isInner":false,"widgetType":"heading","elType":"widget"},{"id":"2f91dc0d","settings":{"editor":"We implement appropriate security measures to safeguard your personal information against unauthorized access, alteration, disclosure, or destruction. Your data is stored securely and accessed only by authorized personnel for legitimate purposes.","text_color":"#6F6F6F","typography_typography":"custom","typography_font_family":"Montserrat","typography_font_size":{"unit":"px","size":16,"sizes":[]},"typography_font_weight":"500","typography_line_height":{"unit":"px","size":20,"sizes":[]},"_element_custom_width":{"unit":"px","size":603,"sizes":[]},"align":"justify"},"elements":[],"isInner":false,"widgetType":"text-editor","elType":"widget"}],"isInner":true,"elType":"column"}],"isInner":true,"elType":"section"},{"id":"129660cb","settings":{"layout":"full_width","gap":"no"},"elements":[{"id":"4c7c75d8","settings":{"_column_size":100,"_inline_size":null,"space_between_widgets":15,"border_border":"solid","border_width":{"unit":"px","top":"0","right":"0","bottom":"1","left":"0","isLinked":false},"border_color":"#AD88C6","padding":{"unit":"px","top":"20","right":"10","bottom":"20","left":"10","isLinked":false}},"elements":[{"id":"1591d956","settings":{"title":"Third-Party Services:","header_size":"h6","title_color":"#7469B6","typography_typography":"custom","typography_font_family":"Playfair Display","typography_font_size":{"unit":"px","size":22,"sizes":[]},"typography_font_weight":"600","typography_line_height":{"unit":"px","size":30,"sizes":[]},"align":"left"},"elements":[],"isInner":false,"widgetType":"heading","elType":"widget"},{"id":"6c98c7fe","settings":{"editor":"We may use third-party services and tools to enhance our website and services, which may collect data in accordance with their own privacy policies. We are not responsible for the privacy practices of these third parties.","text_color":"#6F6F6F","typography_typography":"custom","typography_font_family":"Montserrat","typography_font_size":{"unit":"px","size":16,"sizes":[]},"typography_font_weight":"500","typography_line_height":{"unit":"px","size":20,"sizes":[]},"_element_custom_width":{"unit":"px","size":603,"sizes":[]},"align":"justify"},"elements":[],"isInner":false,"widgetType":"text-editor","elType":"widget"}],"isInner":true,"elType":"column"}],"isInner":true,"elType":"section"},{"id":"3dbad8f2","settings":{"layout":"full_width","gap":"no"},"elements":[{"id":"247b356e","settings":{"_column_size":100,"_inline_size":null,"space_between_widgets":15,"border_border":"solid","border_width":{"unit":"px","top":"0","right":"0","bottom":"1","left":"0","isLinked":false},"border_color":"#AD88C6","padding":{"unit":"px","top":"20","right":"10","bottom":"20","left":"10","isLinked":false}},"elements":[{"id":"50f41a27","settings":{"title":"Cookies:","header_size":"h6","title_color":"#7469B6","typography_typography":"custom","typography_font_family":"Playfair Display","typography_font_size":{"unit":"px","size":22,"sizes":[]},"typography_font_weight":"600","typography_line_height":{"unit":"px","size":30,"sizes":[]},"align":"left"},"elements":[],"isInner":false,"widgetType":"heading","elType":"widget"},{"id":"15e54ef","settings":{"editor":"We use cookies and similar tracking technologies to enhance your browsing experience, analyze website traffic, and personalize content. You have the option to disable cookies through your browser settings, although this may affect certain functionalities of our website.","text_color":"#6F6F6F","typography_typography":"custom","typography_font_family":"Montserrat","typography_font_size":{"unit":"px","size":16,"sizes":[]},"typography_font_weight":"500","typography_line_height":{"unit":"px","size":20,"sizes":[]},"_element_custom_width":{"unit":"px","size":603,"sizes":[]},"align":"justify"},"elements":[],"isInner":false,"widgetType":"text-editor","elType":"widget"}],"isInner":true,"elType":"column"}],"isInner":true,"elType":"section"},{"id":"1b06e97a","settings":{"layout":"full_width","gap":"no"},"elements":[{"id":"1f5fa451","settings":{"_column_size":100,"_inline_size":null,"space_between_widgets":15,"border_border":"solid","border_width":{"unit":"px","top":"0","right":"0","bottom":"1","left":"0","isLinked":false},"border_color":"#AD88C6","padding":{"unit":"px","top":"20","right":"10","bottom":"20","left":"10","isLinked":false}},"elements":[{"id":"76861a7a","settings":{"title":"Data Sharing:","header_size":"h6","title_color":"#7469B6","typography_typography":"custom","typography_font_family":"Playfair Display","typography_font_size":{"unit":"px","size":22,"sizes":[]},"typography_font_weight":"600","typography_line_height":{"unit":"px","size":30,"sizes":[]},"align":"left"},"elements":[],"isInner":false,"widgetType":"heading","elType":"widget"},{"id":"510c6956","settings":{"editor":"We do not sell, trade, or otherwise transfer your personal information to third parties without your consent, except as required by law or to fulfill our contractual obligations.","text_color":"#6F6F6F","typography_typography":"custom","typography_font_family":"Montserrat","typography_font_size":{"unit":"px","size":16,"sizes":[]},"typography_font_weight":"500","typography_line_height":{"unit":"px","size":20,"sizes":[]},"_element_custom_width":{"unit":"px","size":603,"sizes":[]},"align":"justify"},"elements":[],"isInner":false,"widgetType":"text-editor","elType":"widget"}],"isInner":true,"elType":"column"}],"isInner":true,"elType":"section"},{"id":"230248fc","settings":{"layout":"full_width","gap":"no"},"elements":[{"id":"9860d2f","settings":{"_column_size":100,"_inline_size":null,"space_between_widgets":15,"border_border":"solid","border_width":{"unit":"px","top":"0","right":"0","bottom":"1","left":"0","isLinked":false},"border_color":"#AD88C6","padding":{"unit":"px","top":"20","right":"10","bottom":"20","left":"10","isLinked":false}},"elements":[{"id":"2bbe2b18","settings":{"title":"Policy Updates:","header_size":"h6","title_color":"#7469B6","typography_typography":"custom","typography_font_family":"Playfair Display","typography_font_size":{"unit":"px","size":22,"sizes":[]},"typography_font_weight":"600","typography_line_height":{"unit":"px","size":30,"sizes":[]},"align":"left"},"elements":[],"isInner":false,"widgetType":"heading","elType":"widget"},{"id":"af140b3","settings":{"editor":"We may update this Privacy Policy from time to time to reflect changes in our practices or legal requirements. Any updates will be posted on this page, and we encourage you to review this Privacy Policy periodically for any changes.","text_color":"#6F6F6F","typography_typography":"custom","typography_font_family":"Montserrat","typography_font_size":{"unit":"px","size":16,"sizes":[]},"typography_font_weight":"500","typography_line_height":{"unit":"px","size":20,"sizes":[]},"_element_custom_width":{"unit":"px","size":603,"sizes":[]},"align":"justify"},"elements":[],"isInner":false,"widgetType":"text-editor","elType":"widget"}],"isInner":true,"elType":"column"}],"isInner":true,"elType":"section"},{"id":"23908fda","settings":{"layout":"full_width","gap":"no"},"elements":[{"id":"734c8021","settings":{"_column_size":100,"_inline_size":null,"space_between_widgets":15,"border_border":"solid","border_width":{"unit":"px","top":"0","right":"0","bottom":"1","left":"0","isLinked":false},"border_color":"#AD88C6","padding":{"unit":"px","top":"20","right":"10","bottom":"20","left":"10","isLinked":false}},"elements":[{"id":"5528fd12","settings":{"title":"Contact Us:","header_size":"h6","title_color":"#7469B6","typography_typography":"custom","typography_font_family":"Playfair Display","typography_font_size":{"unit":"px","size":22,"sizes":[]},"typography_font_weight":"600","typography_line_height":{"unit":"px","size":30,"sizes":[]},"align":"left"},"elements":[],"isInner":false,"widgetType":"heading","elType":"widget"},{"id":"7d273a14","settings":{"editor":"If you have any questions or concerns about our Privacy Policy or the handling of your personal information, please contact us at [Your Company Email Address].","text_color":"#6F6F6F","typography_typography":"custom","typography_font_family":"Montserrat","typography_font_size":{"unit":"px","size":16,"sizes":[]},"typography_font_weight":"500","typography_line_height":{"unit":"px","size":20,"sizes":[]},"_element_custom_width":{"unit":"px","size":603,"sizes":[]},"align":"justify"},"elements":[],"isInner":false,"widgetType":"text-editor","elType":"widget"}],"isInner":true,"elType":"column"}],"isInner":true,"elType":"section"},{"id":"79136251","settings":{"layout":"full_width","gap":"no"},"elements":[{"id":"64c7e395","settings":{"_column_size":100,"_inline_size":null,"space_between_widgets":15,"border_border":"solid","border_width":{"unit":"px","top":"0","right":"0","bottom":"1","left":"0","isLinked":false},"border_color":"#AD88C6","padding":{"unit":"px","top":"20","right":"10","bottom":"20","left":"10","isLinked":false}},"elements":[{"id":"6846a92f","settings":{"title":"Policy Agreement:","header_size":"h6","title_color":"#7469B6","typography_typography":"custom","typography_font_family":"Playfair Display","typography_font_size":{"unit":"px","size":22,"sizes":[]},"typography_font_weight":"600","typography_line_height":{"unit":"px","size":30,"sizes":[]},"align":"left"},"elements":[],"isInner":false,"widgetType":"heading","elType":"widget"},{"id":"21f42ad5","settings":{"editor":"By using our website and services, you agree to the terms of this Privacy Policy. If you do not agree with any aspect of this Privacy Policy, please refrain from using our website and services.","text_color":"#6F6F6F","typography_typography":"custom","typography_font_family":"Montserrat","typography_font_size":{"unit":"px","size":16,"sizes":[]},"typography_font_weight":"500","typography_line_height":{"unit":"px","size":20,"sizes":[]},"_element_custom_width":{"unit":"px","size":603,"sizes":[]},"align":"justify"},"elements":[],"isInner":false,"widgetType":"text-editor","elType":"widget"}],"isInner":true,"elType":"column"}],"isInner":true,"elType":"section"}],"isInner":false,"elType":"column"}],"isInner":false,"elType":"section"}],"page_settings":[],"version":"0.4","title":"fsp-privacy-14-may","type":"page"}