{"content":[{"id":"51410ff8","settings":{"content_width":{"unit":"px","size":1410,"sizes":[]},"height":"min-height","background_background":"classic","background_image":{"id":"396","url":"http:\/\/localhost\/test2\/wp-content\/uploads\/2024\/05\/hero-banner-scaled-1.jpg"},"background_position":"center center","background_repeat":"no-repeat","background_size":"cover","background_overlay_background":"gradient","background_overlay_color":"#000000DE","background_overlay_color_b":"#00000000","background_overlay_opacity":{"unit":"px","size":1,"sizes":[]},"border_radius":{"unit":"px","top":"20","right":"20","bottom":"20","left":"20","isLinked":true},"padding":{"unit":"px","top":"10","right":"10","bottom":"10","left":"10","isLinked":true},"background_overlay_color_b_stop":{"unit":"%","size":55,"sizes":[]}},"elements":[{"id":"711cd4d1","settings":{"_column_size":100,"_inline_size":null},"elements":[{"id":"2f3a6370","settings":{"title":"Error","header_size":"h1","align":"center","title_color":"#FFFFFF","typography_typography":"custom","typography_font_family":"Playfair Display","typography_font_size":{"unit":"px","size":58,"sizes":[]},"typography_font_weight":"700","typography_line_height":{"unit":"px","size":77,"sizes":[]},"typography_font_size_mobile":{"unit":"px","size":42,"sizes":[]},"typography_line_height_mobile":{"unit":"px","size":50,"sizes":[]}},"elements":[],"isInner":false,"widgetType":"heading","elType":"widget"}],"isInner":false,"elType":"column"}],"isInner":false,"elType":"section"},{"id":"6ce84a7d","settings":{"padding":{"unit":"px","top":"50","right":"10","bottom":"150","left":"10","isLinked":false},"padding_tablet":{"unit":"px","top":"50","right":"10","bottom":"90","left":"10","isLinked":false},"padding_mobile":{"unit":"px","top":"50","right":"10","bottom":"50","left":"10","isLinked":false}},"elements":[{"id":"5562292f","settings":{"_column_size":100,"_inline_size":null,"align":"center"},"elements":[{"id":"502e183c","settings":{"editor":"There's nothing here!","align":"center","text_color":"#7469B6","typography_typography":"custom","typography_font_family":"Montserrat","typography_font_size":{"unit":"px","size":16,"sizes":[]},"typography_font_weight":"400","typography_line_height":{"unit":"px","size":20,"sizes":[]}},"elements":[],"isInner":false,"widgetType":"text-editor","elType":"widget"},{"id":"70370ff0","settings":{"content_width":{"unit":"px","size":870,"sizes":[]}},"elements":[{"id":"6d0b82c9","settings":{"_column_size":100,"_inline_size":null,"content_position":"center","align":"center","border_border":"solid","border_width":{"unit":"px","top":"8","right":"8","bottom":"8","left":"8","isLinked":true},"border_color":"#7469B6","border_radius":{"unit":"px","top":"46","right":"46","bottom":"46","left":"46","isLinked":true},"padding":{"unit":"px","top":"40","right":"10","bottom":"40","left":"10","isLinked":false}},"elements":[{"id":"3111de02","settings":{"title":"4","title_color":"#7469B6","typography_typography":"custom","typography_font_family":"Playfair Display","typography_font_size":{"unit":"px","size":230,"sizes":[]},"typography_font_weight":"700","_margin":{"unit":"px","top":"-100","right":"0","bottom":"0","left":"0","isLinked":false},"_element_width":"auto","_z_index":2,"typography_font_size_mobile":{"unit":"px","size":100,"sizes":[]},"typography_line_height_mobile":{"unit":"px","size":100,"sizes":[]},"_margin_mobile":{"unit":"px","top":"-50","right":"0","bottom":"0","left":"0","isLinked":false}},"elements":[],"isInner":false,"widgetType":"heading","elType":"widget"},{"id":"5bf86585","settings":{"image":{"id":701,"url":"http:\/\/localhost\/test2\/wp-content\/uploads\/2024\/05\/error.png"},"image_size":"full","_element_width":"auto","_z_index":2,"space_mobile":{"unit":"px","size":130,"sizes":[]}},"elements":[],"isInner":false,"widgetType":"image","elType":"widget"},{"id":"7b4e711b","settings":{"title":"4","title_color":"#7469B6","typography_typography":"custom","typography_font_family":"Playfair Display","typography_font_size":{"unit":"px","size":230,"sizes":[]},"typography_font_weight":"700","_margin":{"unit":"px","top":"-100","right":"0","bottom":"0","left":"0","isLinked":false},"_element_width":"auto","_z_index":2,"typography_font_size_mobile":{"unit":"px","size":100,"sizes":[]},"typography_line_height_mobile":{"unit":"px","size":100,"sizes":[]},"_margin_mobile":{"unit":"px","top":"-50","right":"0","bottom":"0","left":"0","isLinked":false}},"elements":[],"isInner":false,"widgetType":"heading","elType":"widget"},{"id":"238b189c","settings":{"image":{"id":"571","url":"http:\/\/localhost\/test2\/wp-content\/uploads\/2024\/05\/contact-us-star.png"},"image_size":"full","space":{"unit":"px","size":140,"sizes":[]},"space_tablet":{"unit":"px","size":"","sizes":[]},"space_mobile":{"unit":"px","size":"","sizes":[]},"_element_width":"auto","_position":"absolute","_title":"Image position"},"elements":[],"isInner":false,"widgetType":"image","elType":"widget"},{"id":"412db0e4","settings":{"image":{"id":"571","url":"http:\/\/localhost\/test2\/wp-content\/uploads\/2024\/05\/contact-us-star.png"},"image_size":"full","space":{"unit":"px","size":140,"sizes":[]},"space_tablet":{"unit":"px","size":"","sizes":[]},"space_mobile":{"unit":"px","size":"","sizes":[]},"_element_width":"auto","_position":"absolute","_offset_orientation_h":"end","_offset_x":{"unit":"px","size":"","sizes":[]},"_offset_orientation_v":"end","_offset_y":{"unit":"px","size":"","sizes":[]},"_title":"Image position"},"elements":[],"isInner":false,"widgetType":"image","elType":"widget"},{"id":"2e2a3f08","settings":{"image":{"id":"571","url":"http:\/\/localhost\/test2\/wp-content\/uploads\/2024\/05\/contact-us-star.png"},"image_size":"full","space":{"unit":"px","size":50,"sizes":[]},"space_tablet":{"unit":"px","size":"","sizes":[]},"space_mobile":{"unit":"px","size":"","sizes":[]},"_element_width":"auto","_position":"absolute","_offset_orientation_h":"end","_offset_x":{"unit":"px","size":"","sizes":[]},"_offset_x_end":{"unit":"px","size":100,"sizes":[]},"_offset_y":{"unit":"px","size":20,"sizes":[]},"_offset_y_end":{"unit":"px","size":"","sizes":[]},"_title":"Image position"},"elements":[],"isInner":false,"widgetType":"image","elType":"widget"},{"id":"78880c51","settings":{"image":{"id":"571","url":"http:\/\/localhost\/test2\/wp-content\/uploads\/2024\/05\/contact-us-star.png"},"image_size":"full","space":{"unit":"px","size":50,"sizes":[]},"space_tablet":{"unit":"px","size":"","sizes":[]},"space_mobile":{"unit":"px","size":"","sizes":[]},"_element_width":"auto","_position":"absolute","_offset_x":{"unit":"px","size":100,"sizes":[]},"_offset_x_end":{"unit":"px","size":"","sizes":[]},"_offset_orientation_v":"end","_offset_y":{"unit":"px","size":"","sizes":[]},"_offset_y_end":{"unit":"px","size":20,"sizes":[]},"_title":"Image position"},"elements":[],"isInner":false,"widgetType":"image","elType":"widget"},{"id":"7fda734d","settings":{"image":{"id":"571","url":"http:\/\/localhost\/test2\/wp-content\/uploads\/2024\/05\/contact-us-star.png"},"image_size":"full","space":{"unit":"px","size":90,"sizes":[]},"space_tablet":{"unit":"px","size":"","sizes":[]},"space_mobile":{"unit":"px","size":"","sizes":[]},"_element_width":"auto","_position":"absolute","_offset_x":{"unit":"%","size":52,"sizes":[]},"_offset_x_tablet":{"unit":"%","size":"","sizes":[]},"_offset_x_mobile":{"unit":"%","size":"","sizes":[]},"_offset_x_end":{"unit":"px","size":"","sizes":[]},"_offset_y":{"unit":"%","size":10,"sizes":[]},"_offset_y_tablet":{"unit":"%","size":"","sizes":[]},"_offset_y_mobile":{"unit":"%","size":"","sizes":[]},"_offset_y_end":{"unit":"px","size":"","sizes":[]},"_title":"Image position"},"elements":[],"isInner":false,"widgetType":"image","elType":"widget"}],"isInner":true,"elType":"column"}],"isInner":true,"elType":"section"},{"id":"42b9c39b","settings":{"editor":"Oops! the page you are trying to find is no longer available.\nPlease return to the homepage.","align":"center","text_color":"#7469B6","typography_typography":"custom","typography_font_family":"Montserrat","typography_font_size":{"unit":"px","size":16,"sizes":[]},"typography_font_weight":"400","typography_line_height":{"unit":"px","size":20,"sizes":[]},"_padding":{"unit":"px","top":"20","right":"0","bottom":"0","left":"0","isLinked":false},"_element_width":"initial","_element_custom_width":{"unit":"px","size":470,"sizes":[]}},"elements":[],"isInner":false,"widgetType":"text-editor","elType":"widget"},{"id":"4665321a","settings":{"content_width":{"unit":"px","size":403,"sizes":[]},"gap":"no","gap_columns_custom":{"unit":"px","size":50,"sizes":[]},"structure":"20","padding":{"unit":"px","top":"30","right":"0","bottom":"0","left":"0","isLinked":false}},"elements":[{"id":"745da9aa","settings":{"_column_size":50,"_inline_size":null,"align":"center","_inline_size_mobile":100,"padding_mobile":{"unit":"px","top":"0","right":"0","bottom":"20","left":"0","isLinked":false}},"elements":[{"id":"78929e83","settings":{"text":"Home","align":"center","typography_typography":"custom","typography_font_family":"Montserrat","typography_font_size":{"unit":"px","size":16,"sizes":[]},"typography_font_weight":"600","typography_line_height":{"unit":"px","size":20,"sizes":[]},"background_color":"#7469B6","text_padding":{"unit":"px","top":"14","right":"40","bottom":"14","left":"40","isLinked":false},"_element_width":"initial","_element_custom_width":{"unit":"px","size":170,"sizes":[]},"_background_background":"classic","_background_color":"#7469B6","_border_border":"solid","_border_width":{"unit":"px","top":"1","right":"1","bottom":"1","left":"1","isLinked":true},"_border_color":"#7469B6","_border_radius":{"unit":"px","top":"7","right":"7","bottom":"7","left":"7","isLinked":true},"text_padding_mobile":{"unit":"px","top":"14","right":"30","bottom":"14","left":"30","isLinked":false},"_element_custom_width_mobile":{"unit":"px","size":300,"sizes":[]}},"elements":[],"isInner":false,"widgetType":"button","elType":"widget"}],"isInner":true,"elType":"column"},{"id":"42eca8e5","settings":{"_column_size":50,"_inline_size":null,"align":"center","_inline_size_mobile":100},"elements":[{"id":"278230d7","settings":{"text":"Go Back","align":"center","typography_typography":"custom","typography_font_family":"Montserrat","typography_font_size":{"unit":"px","size":16,"sizes":[]},"typography_font_weight":"600","typography_line_height":{"unit":"px","size":20,"sizes":[]},"button_text_color":"#7469B6","background_color":"#FFFFFF","text_padding":{"unit":"px","top":"14","right":"40","bottom":"14","left":"40","isLinked":false},"_element_width":"initial","_element_custom_width":{"unit":"px","size":170,"sizes":[]},"_background_background":"classic","_background_color":"#FFFFFF","_border_border":"solid","_border_width":{"unit":"px","top":"1","right":"1","bottom":"1","left":"1","isLinked":true},"_border_color":"#7469B6","_border_radius":{"unit":"px","top":"7","right":"7","bottom":"7","left":"7","isLinked":true},"text_padding_mobile":{"unit":"px","top":"14","right":"30","bottom":"14","left":"30","isLinked":false},"_element_custom_width_mobile":{"unit":"px","size":300,"sizes":[]}},"elements":[],"isInner":false,"widgetType":"button","elType":"widget"}],"isInner":true,"elType":"column"}],"isInner":true,"elType":"section"}],"isInner":false,"elType":"column"}],"isInner":false,"elType":"section"}],"page_settings":[],"version":"0.4","title":"fsp-error-4-may","type":"page"}