{"content":[{"id":"3dd66adb","settings":{"content_width":{"unit":"px","size":1410,"sizes":[]},"height":"min-height","background_background":"classic","background_image":{"id":169,"url":"http:\/\/localhost\/test2\/wp-content\/uploads\/2024\/05\/hero-banner-scaled-1-2-1.jpg"},"background_position":"center center","background_repeat":"no-repeat","background_size":"cover","background_overlay_background":"gradient","background_overlay_color":"#000000DE","background_overlay_color_b":"#00000000","background_overlay_opacity":{"unit":"px","size":1,"sizes":[]},"border_radius":{"unit":"px","top":"20","right":"20","bottom":"20","left":"20","isLinked":true},"padding":{"unit":"px","top":"10","right":"10","bottom":"10","left":"10","isLinked":true},"background_overlay_color_b_stop":{"unit":"%","size":55,"sizes":[]}},"elements":[{"id":"2af61065","settings":{"_column_size":100,"_inline_size":null},"elements":[{"id":"49bb76c6","settings":{"title":"About Us","header_size":"h1","align":"center","title_color":"#FFFFFF","typography_typography":"custom","typography_font_family":"Playfair Display","typography_font_size":{"unit":"px","size":58,"sizes":[]},"typography_font_weight":"700","typography_line_height":{"unit":"px","size":77,"sizes":[]},"typography_font_size_mobile":{"unit":"px","size":42,"sizes":[]},"typography_line_height_mobile":{"unit":"px","size":50,"sizes":[]}},"elements":[],"isInner":false,"widgetType":"heading","elType":"widget"}],"isInner":false,"elType":"column"}],"isInner":false,"elType":"section"},{"id":"1c0a3d21","settings":{"content_width":{"unit":"px","size":1410,"sizes":[]},"structure":"20","padding":{"unit":"px","top":"90","right":"10","bottom":"90","left":"10","isLinked":false},"padding_tablet":{"unit":"px","top":"90","right":"10","bottom":"60","left":"10","isLinked":false},"padding_mobile":{"unit":"px","top":"40","right":"10","bottom":"60","left":"10","isLinked":false}},"elements":[{"id":"5cd8413a","settings":{"_column_size":50,"_inline_size":null,"padding_mobile":{"unit":"px","top":"10","right":"10","bottom":"50","left":"10","isLinked":false},"css_classes":"about-our-story-content"},"elements":[{"id":"172ee9d1","settings":{"title":"Our story","header_size":"h6","title_color":"#7469B6","typography_typography":"custom","typography_font_family":"Playfair Display","typography_font_size":{"unit":"px","size":22,"sizes":[]},"typography_font_weight":"600","typography_line_height":{"unit":"px","size":30,"sizes":[]},"align_mobile":"center"},"elements":[],"isInner":false,"widgetType":"heading","elType":"widget"},{"id":"7cc6e412","settings":{"editor":"<p>At Blossom Heaven, our story is one of passion, dedication, and a deep love for flowers. Founded 16 years ago by Lorem Ipsum, our journey began with a simple dream \u2013 to share the beauty of nature's blooms with the world. What started as a small boutique has blossomed into a thriving business, serving customers near and far with the same commitment to quality and excellence.<br \/>From the very beginning, our mission has been clear: to craft unforgettable experiences with every arrangement we create. Each bouquet tells a story, a tale of love, celebration, or remembrance, and we take great pride in being a part of life's most precious moments. With a keen eye for detail and a dedication to sourcing only the freshest blooms, we strive to exceed expectations with every order.<br \/>As we reflect on our journey, we are filled with gratitude for the countless customers who have entrusted us with their floral needs. It is their continued support and loyalty that inspires us to push the boundaries of creativity and innovation, ensuring that each arrangement is a true reflection of our passion for flowers.<br \/>As we look to the future, our commitment to excellence remains steadfast. We are excited to continue our journey, crafting memories with every petal and sharing the beauty of flowers with generations to come. Thank you for being a part of our story \u2013 we look forward to creating many more cherished moments together.<\/p>","text_color":"#6F6F6F","typography_typography":"custom","typography_font_family":"Montserrat","typography_font_size":{"unit":"px","size":16,"sizes":[]},"typography_font_weight":"400","typography_line_height":{"unit":"px","size":20,"sizes":[]},"_element_width":"initial","_element_custom_width":{"unit":"px","size":603,"sizes":[]},"align_mobile":"center"},"elements":[],"isInner":false,"widgetType":"text-editor","elType":"widget"}],"isInner":false,"elType":"column"},{"id":"5e9047b","settings":{"_column_size":50,"_inline_size":null,"css_classes":"about-our-story"},"elements":[{"id":"4d249ed3","settings":{"image_size":"full","image":{"id":170,"url":"http:\/\/localhost\/test2\/wp-content\/uploads\/2024\/05\/about-our-story-1-1.jpg"},"image_border_radius":{"unit":"px","top":"46","right":"46","bottom":"46","left":"46","isLinked":true},"_padding":{"unit":"px","top":"0","right":"0","bottom":"20","left":"20","isLinked":false}},"elements":[],"isInner":false,"widgetType":"image","elType":"widget"}],"isInner":false,"elType":"column"}],"isInner":false,"elType":"section"},{"id":"a595193","settings":{"content_width":{"unit":"px","size":1430,"sizes":[]}},"elements":[{"id":"4049329f","settings":{"_column_size":100,"_inline_size":null,"background_background":"classic","background_color":"#F9F8FF","border_radius":{"unit":"px","top":"46","right":"46","bottom":"46","left":"46","isLinked":true},"padding":{"unit":"px","top":"50","right":"50","bottom":"50","left":"50","isLinked":true},"padding_tablet":{"unit":"px","top":"20","right":"20","bottom":"20","left":"20","isLinked":true}},"elements":[{"id":"763b94a","settings":{"structure":"40","css_classes":"fsp-home-about-counter"},"elements":[{"id":"16baee42","settings":{"_column_size":25,"_inline_size":null,"css_classes":"fsp-counter fsp-counter-product","_inline_size_tablet":50},"elements":[{"id":"7c8b7fb7","settings":{"ending_number":32000,"title":"product sold every year","number_color":"#1D1D1DDD","typography_number_typography":"custom","typography_number_font_family":"Playfair Display","typography_number_font_size":{"unit":"px","size":50,"sizes":[]},"typography_number_font_weight":"600","typography_number_line_height":{"unit":"px","size":66,"sizes":[]},"title_color":"#7469B6","typography_title_typography":"custom","typography_title_font_family":"Montserrat","typography_title_font_size":{"unit":"px","size":18,"sizes":[]},"typography_title_font_weight":"600","typography_title_line_height":{"unit":"px","size":22,"sizes":[]},"_css_classes":"fsp-home-counter"},"elements":[],"isInner":false,"widgetType":"counter","elType":"widget"}],"isInner":true,"elType":"column"},{"id":"73d735d7","settings":{"_column_size":25,"_inline_size":null,"css_classes":"fsp-counter fsp-counter-customer","_inline_size_tablet":50},"elements":[{"id":"29b1356c","settings":{"ending_number":60000,"title":"Verified Customer","number_color":"#1D1D1DDD","typography_number_typography":"custom","typography_number_font_family":"Playfair Display","typography_number_font_size":{"unit":"px","size":50,"sizes":[]},"typography_number_font_weight":"600","typography_number_line_height":{"unit":"px","size":66,"sizes":[]},"title_color":"#7469B6","typography_title_typography":"custom","typography_title_font_family":"Montserrat","typography_title_font_size":{"unit":"px","size":18,"sizes":[]},"typography_title_font_weight":"600","typography_title_line_height":{"unit":"px","size":22,"sizes":[]},"suffix":"+","_css_classes":"fsp-home-counter"},"elements":[],"isInner":false,"widgetType":"counter","elType":"widget"}],"isInner":true,"elType":"column"},{"id":"7fcb80e4","settings":{"_column_size":25,"_inline_size":null,"css_classes":"fsp-counter fsp-counter-experience","_inline_size_tablet":50},"elements":[{"id":"601eb489","settings":{"ending_number":16,"title":"Industry experience","number_color":"#1D1D1DDD","typography_number_typography":"custom","typography_number_font_family":"Playfair Display","typography_number_font_size":{"unit":"px","size":50,"sizes":[]},"typography_number_font_weight":"600","typography_number_line_height":{"unit":"px","size":66,"sizes":[]},"title_color":"#7469B6","typography_title_typography":"custom","typography_title_font_family":"Montserrat","typography_title_font_size":{"unit":"px","size":18,"sizes":[]},"typography_title_font_weight":"600","typography_title_line_height":{"unit":"px","size":22,"sizes":[]},"suffix":"+ Years","_css_classes":"fsp-home-counter"},"elements":[],"isInner":false,"widgetType":"counter","elType":"widget"}],"isInner":true,"elType":"column"},{"id":"50046f9","settings":{"_column_size":25,"_inline_size":null,"_inline_size_tablet":50},"elements":[{"id":"54131885","settings":{"ending_number":420,"title":"Cities Covered","number_color":"#1D1D1DDD","typography_number_typography":"custom","typography_number_font_family":"Playfair Display","typography_number_font_size":{"unit":"px","size":50,"sizes":[]},"typography_number_font_weight":"600","typography_number_line_height":{"unit":"px","size":66,"sizes":[]},"title_color":"#7469B6","typography_title_typography":"custom","typography_title_font_family":"Montserrat","typography_title_font_size":{"unit":"px","size":18,"sizes":[]},"typography_title_font_weight":"600","typography_title_line_height":{"unit":"px","size":22,"sizes":[]},"suffix":"+","_css_classes":"fsp-home-counter"},"elements":[],"isInner":false,"widgetType":"counter","elType":"widget"}],"isInner":true,"elType":"column"}],"isInner":true,"elType":"section"}],"isInner":false,"elType":"column"}],"isInner":false,"elType":"section"},{"id":"7029a446","settings":{"content_width":{"unit":"px","size":1410,"sizes":[]},"structure":"20","padding":{"unit":"px","top":"50","right":"10","bottom":"90","left":"10","isLinked":false},"content_position":"middle","padding_tablet":{"unit":"px","top":"10","right":"10","bottom":"60","left":"10","isLinked":false}},"elements":[{"id":"1d8bf53a","settings":{"_column_size":50,"_inline_size":60,"css_classes":"about-our-mission","padding_mobile":{"unit":"px","top":"10","right":"10","bottom":"30","left":"10","isLinked":false}},"elements":[{"id":"29b35ae1","settings":{"youtube_url":"https:\/\/www.youtube.com\/watch?v=XHOmBV4js_E","vimeo_url":"https:\/\/vimeo.com\/235215203","dailymotion_url":"https:\/\/www.dailymotion.com\/video\/x6tqhqb","videopress_url":"https:\/\/videopress.com\/v\/ZCAOzTNk","show_image_overlay":"yes","image_overlay":{"id":171,"url":"http:\/\/localhost\/test2\/wp-content\/uploads\/2024\/05\/about-our-mission-1-1.jpg"},"play_icon":{"value":"fas fa-play-circle","library":"fa-solid"},"_border_radius":{"unit":"px","top":"46","right":"46","bottom":"46","left":"46","isLinked":true}},"elements":[],"isInner":false,"widgetType":"video","elType":"widget"}],"isInner":false,"elType":"column"},{"id":"21cd01bd","settings":{"_column_size":50,"_inline_size":40},"elements":[{"id":"6d47c20a","settings":{"title":"Our Mission","header_size":"h6","title_color":"#7469B6","typography_typography":"custom","typography_font_family":"Playfair Display","typography_font_size":{"unit":"px","size":22,"sizes":[]},"typography_font_weight":"600","typography_line_height":{"unit":"px","size":30,"sizes":[]},"align_mobile":"center"},"elements":[],"isInner":false,"widgetType":"heading","elType":"widget"},{"id":"3b069ae3","settings":{"editor":"<p>At Blossom Heaven, our mission is simple yet profound: to spread joy and happiness through the timeless beauty of floral artistry. We believe that flowers have the power to brighten someone's day, lift spirits, and create lasting memories. With this belief at the core of everything we do, we are committed to crafting exquisite arrangements that evoke emotions, celebrate life's special moments, and bring smiles to faces.<\/p><p>Driven by a passion for creativity and a dedication to excellence, we strive to exceed expectations with every bouquet we create. Whether it's a vibrant arrangement bursting with color or an elegant display of minimalist chic, each design is thoughtfully crafted to inspire and delight. We take pride in sourcing only the freshest blooms, ensuring that every arrangement is a testament to the beauty and abundance of nature.<\/p>","text_color":"#6F6F6F","typography_typography":"custom","typography_font_family":"Montserrat","typography_font_size":{"unit":"px","size":16,"sizes":[]},"typography_font_weight":"400","typography_line_height":{"unit":"px","size":20,"sizes":[]},"_element_custom_width":{"unit":"px","size":603,"sizes":[]},"align_mobile":"center"},"elements":[],"isInner":false,"widgetType":"text-editor","elType":"widget"},{"id":"7399e425","settings":{"layout":"full_width","gap":"no","structure":"20"},"elements":[{"id":"5068f45f","settings":{"_column_size":50,"_inline_size":60,"css_classes":"about-order-sold"},"elements":[{"id":"e0a50f9","settings":{"title":"Orders Sold","header_size":"h4","title_color":"#7469B6","typography_typography":"custom","typography_font_family":"Montserrat","typography_font_size":{"unit":"px","size":22,"sizes":[]},"typography_font_weight":"600","typography_line_height":{"unit":"px","size":26,"sizes":[]},"_margin":{"unit":"px","top":"10","right":"0","bottom":"0","left":"0","isLinked":false},"_margin_mobile":{"unit":"px","top":"10","right":"0","bottom":"10","left":"0","isLinked":false}},"elements":[],"isInner":false,"widgetType":"heading","elType":"widget"}],"isInner":true,"elType":"column"},{"id":"5df06a69","settings":{"_column_size":50,"_inline_size":40},"elements":[{"id":"5cea7c26","settings":{"title":"18,23,000","header_size":"h4","align":"center","title_color":"#7469B6","typography_typography":"custom","typography_font_family":"Playfair Display","typography_font_size":{"unit":"px","size":22,"sizes":[]},"typography_font_weight":"600","typography_line_height":{"unit":"px","size":26,"sizes":[]},"_padding":{"unit":"px","top":"10","right":"10","bottom":"10","left":"10","isLinked":true},"_background_background":"classic","_background_color":"#F9F8FF","_border_radius":{"unit":"px","top":"13","right":"13","bottom":"13","left":"13","isLinked":true}},"elements":[],"isInner":false,"widgetType":"heading","elType":"widget"}],"isInner":true,"elType":"column"}],"isInner":true,"elType":"section"}],"isInner":false,"elType":"column"}],"isInner":false,"elType":"section"},{"id":"44af2d64","settings":{"background_background":"classic","background_color":"#F4F2FF","border_radius":{"unit":"px","top":"46","right":"46","bottom":"46","left":"46","isLinked":true},"_title":"Shop"},"elements":[{"id":"107d7912","settings":{"_column_size":100,"_inline_size":null,"space_between_widgets":10,"padding":{"unit":"px","top":"20","right":"10","bottom":"20","left":"10","isLinked":false}},"elements":[{"id":"522cecc0","settings":{"title":"Our History","header_size":"h6","align":"center","title_color":"#7469B6","typography_typography":"custom","typography_font_family":"Montserrat","typography_font_size":{"unit":"px","size":16,"sizes":[]},"typography_font_weight":"600","typography_line_height":{"unit":"px","size":20,"sizes":[]}},"elements":[],"isInner":false,"widgetType":"heading","elType":"widget"},{"id":"67eef4c","settings":{"title":"Company Timeline","header_size":"h3","align":"center","title_color":"#AD88C6","typography_typography":"custom","typography_font_family":"Playfair Display","typography_font_size":{"unit":"px","size":25,"sizes":[]},"typography_font_weight":"700","typography_line_height":{"unit":"px","size":34,"sizes":[]}},"elements":[],"isInner":false,"widgetType":"heading","elType":"widget"}],"isInner":false,"elType":"column"}],"isInner":false,"elType":"section"},{"id":"6b5e177d","settings":{"content_width":{"unit":"px","size":1410,"sizes":[]},"padding":{"unit":"px","top":"50","right":"10","bottom":"90","left":"10","isLinked":false},"padding_tablet":{"unit":"px","top":"50","right":"10","bottom":"60","left":"10","isLinked":false},"padding_mobile":{"unit":"px","top":"10","right":"10","bottom":"40","left":"10","isLinked":false}},"elements":[{"id":"163a63f9","settings":{"_column_size":100,"_inline_size":null,"css_classes":"about-prime-slider","content_position":"center","align":"center"},"elements":[{"id":"3a50c81d","settings":{"selected_icon":{"value":"icon icon-left-arrow","library":"ekiticons"},"primary_color":"#7469B6","size":{"unit":"px","size":20,"sizes":[]},"_padding":{"unit":"px","top":"10","right":"15","bottom":"10","left":"15","isLinked":false},"_element_width":"auto","_position":"absolute","_offset_y":{"unit":"%","size":50,"sizes":[]},"_offset_y_tablet":{"unit":"%","size":"","sizes":[]},"_offset_y_mobile":{"unit":"%","size":"","sizes":[]},"_css_classes":"about-left","_background_background":"classic","_background_color":"#F9F8FF","_border_radius":{"unit":"px","top":"7","right":"7","bottom":"7","left":"7","isLinked":true},"_z_index":9},"elements":[],"isInner":false,"widgetType":"icon","elType":"widget"},{"id":"141badc9","settings":{"selected_icon":{"value":"icon icon-right-arrow","library":"ekiticons"},"primary_color":"#7469B6","size":{"unit":"px","size":20,"sizes":[]},"_padding":{"unit":"px","top":"10","right":"15","bottom":"10","left":"15","isLinked":false},"_element_width":"auto","_position":"absolute","_offset_orientation_h":"end","_offset_y":{"unit":"%","size":50,"sizes":[]},"_offset_y_tablet":{"unit":"%","size":"","sizes":[]},"_offset_y_mobile":{"unit":"%","size":"","sizes":[]},"_css_classes":"about-right","_background_background":"classic","_background_color":"#F9F8FF","_border_radius":{"unit":"px","top":"7","right":"7","bottom":"7","left":"7","isLinked":true},"_z_index":9},"elements":[],"isInner":false,"widgetType":"icon","elType":"widget"},{"id":"65b707d1","settings":{"content_width":{"unit":"px","size":1200,"sizes":[]}},"elements":[{"id":"4b12fe15","settings":{"_column_size":100,"_inline_size":null},"elements":[{"id":"77b9e223","settings":{"slider_bottom_spacing":{"unit":"px","size":0,"sizes":[]},"title_html_tag":"h6","show_navigation_dots":"","content_alignment":"center","slides":[{"sub_title":"<span>2010<\/span><span>Award-Winnings<\/span>","title":"<span>Recognition for Excellence in Floral Artistry<\/span>","image":{"id":172,"url":"http:\/\/localhost\/test2\/wp-content\/uploads\/2024\/05\/about-slider-1-1-1.jpg"},"_id":"a49308b"},{"sub_title":"<span>2010<\/span><span>Award-Winnings<\/span>","title":"<span>Recognition for Excellence in Floral Artistry<\/span>","image":{"id":173,"url":"http:\/\/localhost\/test2\/wp-content\/uploads\/2024\/05\/about-slider-3-1-1.jpg"},"_id":"83c5300"},{"sub_title":"<span>2010<\/span><span>Award-Winnings<\/span>","title":"<span>Recognition for Excellence in Floral Artistry<\/span>","image":{"id":174,"url":"http:\/\/localhost\/test2\/wp-content\/uploads\/2024\/05\/about-slider-2-1-1.jpg"},"_id":"8cf3db1"},{"sub_title":"<span>2010<\/span><span>Award-Winnings<\/span>","title":"<span>Recognition for Excellence in Floral Artistry<\/span>","image":{"id":175,"url":"http:\/\/localhost\/test2\/wp-content\/uploads\/2024\/05\/about-slider-5-1-1.jpg"},"_id":"3381f50"},{"sub_title":"<span>2010<\/span><span>Award-Winnings<\/span>","title":"<span>Recognition for Excellence in Floral Artistry<\/span>","image":{"id":176,"url":"http:\/\/localhost\/test2\/wp-content\/uploads\/2024\/05\/about-slider-4-1-1.jpg"},"_id":"3170302"}],"skin":"coverflow","autoplay":"","item_padding":{"unit":"px","top":"10","right":"10","bottom":"10","left":"10","isLinked":true},"image_border_radius":{"unit":"px","top":"46","right":"46","bottom":"46","left":"46","isLinked":true},"title_color":"#7469B6","title_typography_typography":"custom","title_typography_font_family":"Playfair Display","title_typography_font_size":{"unit":"px","size":18,"sizes":[]},"title_typography_font_weight":"600","title_typography_line_height":{"unit":"px","size":18,"sizes":[]},"sub_title_color":"#7469B6","sub_title_spacing":{"unit":"px","size":0,"sizes":[]},"sub_title_typography_typography":"custom","sub_title_typography_font_family":"Montserrat","sub_title_typography_font_size":{"unit":"px","size":16,"sizes":[]},"sub_title_typography_font_weight":"400","sub_title_typography_line_height":{"unit":"px","size":20,"sizes":[]},"columns":"3","observer":"yes","image_overlay_background":"classic","image_overlay_color":"#0000007D","sub_title_typography_text_transform":"capitalize","_element_custom_width":{"unit":"px","size":1200,"sizes":[]},"columns_tablet":"2"},"elements":[],"isInner":false,"widgetType":"prime-slider-tango","elType":"widget"}],"isInner":true,"elType":"column"}],"isInner":true,"elType":"section"}],"isInner":false,"elType":"column"}],"isInner":false,"elType":"section"}],"page_settings":[],"version":"0.4","title":"fsp-about-18-may","type":"page"}