{"content":[{"id":"289a4422","settings":{"content_width":{"unit":"px","size":1410,"sizes":[]},"height":"min-height","background_background":"classic","background_image":{"id":"396","url":"http:\/\/localhost\/test2\/wp-content\/uploads\/2024\/05\/hero-banner-scaled-1.jpg"},"background_position":"center center","background_repeat":"no-repeat","background_size":"cover","background_overlay_background":"gradient","background_overlay_color":"#000000DE","background_overlay_color_b":"#00000000","background_overlay_opacity":{"unit":"px","size":1,"sizes":[]},"border_radius":{"unit":"px","top":"20","right":"20","bottom":"20","left":"20","isLinked":true},"padding":{"unit":"px","top":"10","right":"10","bottom":"10","left":"10","isLinked":true},"background_overlay_color_b_stop":{"unit":"%","size":55,"sizes":[]}},"elements":[{"id":"7cc2f94b","settings":{"_column_size":100,"_inline_size":null},"elements":[{"id":"57389527","settings":{"title":"Gallery","header_size":"h1","align":"center","title_color":"#FFFFFF","typography_typography":"custom","typography_font_family":"Playfair Display","typography_font_size":{"unit":"px","size":58,"sizes":[]},"typography_font_weight":"700","typography_line_height":{"unit":"px","size":77,"sizes":[]},"typography_font_size_mobile":{"unit":"px","size":42,"sizes":[]},"typography_line_height_mobile":{"unit":"px","size":50,"sizes":[]}},"elements":[],"isInner":false,"widgetType":"heading","elType":"widget"}],"isInner":false,"elType":"column"}],"isInner":false,"elType":"section"},{"id":"44dbcc13","settings":{"background_background":"classic","background_color":"#F4F2FF","border_radius":{"unit":"px","top":"46","right":"46","bottom":"46","left":"46","isLinked":true},"_title":"Shop","margin":{"unit":"px","top":"30","right":0,"bottom":"50","left":0,"isLinked":false}},"elements":[{"id":"7e0b762b","settings":{"_column_size":100,"_inline_size":null,"space_between_widgets":10,"padding":{"unit":"px","top":"20","right":"10","bottom":"20","left":"10","isLinked":false}},"elements":[{"id":"50b500bd","settings":{"title":"Gallery","header_size":"h6","align":"center","title_color":"#7469B6","typography_typography":"custom","typography_font_family":"Montserrat","typography_font_size":{"unit":"px","size":16,"sizes":[]},"typography_font_weight":"600","typography_line_height":{"unit":"px","size":20,"sizes":[]}},"elements":[],"isInner":false,"widgetType":"heading","elType":"widget"},{"id":"27828662","settings":{"title":"Customer photo Gallery","header_size":"h3","align":"center","title_color":"#AD88C6","typography_typography":"custom","typography_font_family":"Playfair Display","typography_font_size":{"unit":"px","size":25,"sizes":[]},"typography_font_weight":"700","typography_line_height":{"unit":"px","size":34,"sizes":[]}},"elements":[],"isInner":false,"widgetType":"heading","elType":"widget"}],"isInner":false,"elType":"column"}],"isInner":false,"elType":"section"},{"id":"34f8c910","settings":{"content_width":{"unit":"px","size":1410,"sizes":[]},"padding":{"unit":"px","top":"10","right":"10","bottom":"90","left":"10","isLinked":false},"padding_mobile":{"unit":"px","top":"10","right":"10","bottom":"50","left":"10","isLinked":false}},"elements":[{"id":"6f381dce","settings":{"_column_size":100,"_inline_size":null},"elements":[{"id":"e996057","settings":{"wp_gallery":[{"id":447,"url":"http:\/\/localhost\/test2\/wp-content\/uploads\/2024\/05\/gallery-img-1.jpg"},{"id":448,"url":"http:\/\/localhost\/test2\/wp-content\/uploads\/2024\/05\/gallery-img-2.jpg"},{"id":449,"url":"http:\/\/localhost\/test2\/wp-content\/uploads\/2024\/05\/gallery-img-3.jpg"},{"id":450,"url":"http:\/\/localhost\/test2\/wp-content\/uploads\/2024\/05\/gallery-img-4.jpg"},{"id":451,"url":"http:\/\/localhost\/test2\/wp-content\/uploads\/2024\/05\/gallery-img-5.jpg"},{"id":452,"url":"http:\/\/localhost\/test2\/wp-content\/uploads\/2024\/05\/gallery-img-6.jpg"},{"id":453,"url":"http:\/\/localhost\/test2\/wp-content\/uploads\/2024\/05\/gallery-img-7.jpg"},{"id":454,"url":"http:\/\/localhost\/test2\/wp-content\/uploads\/2024\/05\/gallery-img-8.jpg"},{"id":455,"url":"http:\/\/localhost\/test2\/wp-content\/uploads\/2024\/05\/gallery-img-9.jpg"},{"id":456,"url":"http:\/\/localhost\/test2\/wp-content\/uploads\/2024\/05\/gallery-img-10.jpg"},{"id":457,"url":"http:\/\/localhost\/test2\/wp-content\/uploads\/2024\/05\/gallery-img-11.jpg"},{"id":458,"url":"http:\/\/localhost\/test2\/wp-content\/uploads\/2024\/05\/gallery-img-12.jpg"},{"id":459,"url":"http:\/\/localhost\/test2\/wp-content\/uploads\/2024\/05\/gallery-img-13.jpg"},{"id":460,"url":"http:\/\/localhost\/test2\/wp-content\/uploads\/2024\/05\/gallery-img-14.jpg"}],"thumbnail_size":"full","gallery_display_caption":"none","gallery_link":"none","image_spacing":"custom","image_spacing_custom":{"unit":"px","size":10,"sizes":[]},"image_border_border":"none","image_border_radius":{"unit":"px","top":"46","right":"46","bottom":"46","left":"46","isLinked":true},"_css_classes":"fsp-gallery-col"},"elements":[],"isInner":false,"widgetType":"image-gallery","elType":"widget"}],"isInner":false,"elType":"column"}],"isInner":false,"elType":"section"}],"page_settings":[],"version":"0.4","title":"fsp-gallery-4-may","type":"page"}