{"content":[{"id":"71861e02","settings":{"content_width":{"unit":"px","size":1410,"sizes":[]},"height":"min-height","background_background":"classic","background_image":{"id":"174","url":"http:\/\/localhost\/test2\/wp-content\/uploads\/2024\/05\/hero-banner-scaled-1-2.jpg"},"background_position":"center center","background_repeat":"no-repeat","background_size":"cover","background_overlay_background":"gradient","background_overlay_color":"#000000DE","background_overlay_color_b":"#00000000","background_overlay_opacity":{"unit":"px","size":1,"sizes":[]},"border_radius":{"unit":"px","top":"20","right":"20","bottom":"20","left":"20","isLinked":true},"padding":{"unit":"px","top":"10","right":"10","bottom":"10","left":"10","isLinked":true},"background_overlay_color_b_stop":{"unit":"%","size":55,"sizes":[]}},"elements":[{"id":"42cdcd05","settings":{"_column_size":100,"_inline_size":null},"elements":[{"id":"69dd06b3","settings":{"title":"Service","header_size":"h1","align":"center","title_color":"#FFFFFF","typography_typography":"custom","typography_font_family":"Playfair Display","typography_font_size":{"unit":"px","size":58,"sizes":[]},"typography_font_weight":"700","typography_line_height":{"unit":"px","size":77,"sizes":[]},"typography_font_size_mobile":{"unit":"px","size":42,"sizes":[]},"typography_line_height_mobile":{"unit":"px","size":50,"sizes":[]}},"elements":[],"isInner":false,"widgetType":"heading","elType":"widget"}],"isInner":false,"elType":"column"}],"isInner":false,"elType":"section"},{"id":"692917b7","settings":{"background_background":"classic","background_color":"#F4F2FF","border_radius":{"unit":"px","top":"46","right":"46","bottom":"46","left":"46","isLinked":true},"_title":"Shop","margin":{"unit":"px","top":"50","right":0,"bottom":"60","left":0,"isLinked":false},"margin_mobile":{"unit":"px","top":"50","right":0,"bottom":"20","left":0,"isLinked":false}},"elements":[{"id":"3fcec73f","settings":{"_column_size":100,"_inline_size":null,"space_between_widgets":10,"padding":{"unit":"px","top":"20","right":"10","bottom":"20","left":"10","isLinked":false}},"elements":[{"id":"70a97734","settings":{"title":"Service","header_size":"h6","align":"center","title_color":"#7469B6","typography_typography":"custom","typography_font_family":"Montserrat","typography_font_size":{"unit":"px","size":16,"sizes":[]},"typography_font_weight":"600","typography_line_height":{"unit":"px","size":20,"sizes":[]}},"elements":[],"isInner":false,"widgetType":"heading","elType":"widget"},{"id":"146806cd","settings":{"title":"Assistance Programs","header_size":"h3","align":"center","title_color":"#AD88C6","typography_typography":"custom","typography_font_family":"Playfair Display","typography_font_size":{"unit":"px","size":25,"sizes":[]},"typography_font_weight":"700","typography_line_height":{"unit":"px","size":34,"sizes":[]}},"elements":[],"isInner":false,"widgetType":"heading","elType":"widget"}],"isInner":false,"elType":"column"}],"isInner":false,"elType":"section"},{"id":"21f5f86f","settings":{"content_width":{"unit":"px","size":1410,"sizes":[]},"padding":{"unit":"px","top":"10","right":"10","bottom":"150","left":"10","isLinked":false},"padding_tablet":{"unit":"px","top":"10","right":"10","bottom":"60","left":"10","isLinked":false}},"elements":[{"id":"2777d6e0","settings":{"_column_size":100,"_inline_size":null},"elements":[{"id":"4fa748d5","settings":{"columns":"5","row_gap":{"unit":"px","size":20,"sizes":[]},"column_gap":{"unit":"px","size":20,"sizes":[]},"primary_thumbnail_size":"full","item_limit":{"unit":"px","size":5,"sizes":[]},"posts_source":"services","show_date":"","show_category":"","show_comments":"","show_author":"","readmore_text_color":"#FFFFFF","readmore_background_background":"classic","readmore_background_color":"#7469B6","readmore_radius":{"unit":"px","top":"7","right":"7","bottom":"7","left":"7","isLinked":true},"readmore_primary_padding":{"unit":"px","top":"10","right":"30","bottom":"10","left":"30","isLinked":false},"content_padding":{"unit":"px","top":"10","right":"0","bottom":"0","left":"0","isLinked":false},"item_padding":{"unit":"px","top":"15","right":"15","bottom":"15","left":"15","isLinked":true},"item_box_shadow_box_shadow_type":"yes","item_box_shadow_box_shadow":{"horizontal":0,"vertical":4,"blur":4,"spread":0,"color":"rgba(0, 0, 0, 0.25098039215686274)"},"content_hover_background_background":"classic","content_hover_background_color":"#F4F2FF","title_spacing":{"unit":"px","size":15,"sizes":[]},"title_typography_typography":"custom","title_typography_font_family":"Playfair Display","title_typography_font_size":{"unit":"px","size":16,"sizes":[]},"title_typography_font_weight":"600","title_typography_line_height":{"unit":"px","size":22,"sizes":[]},"title_color":"#7469B6","content_spacing":{"unit":"px","size":0,"sizes":[]},"content_typography_typography":"custom","content_typography_font_family":"Montserrat","content_typography_font_size":{"unit":"px","size":16,"sizes":[]},"content_typography_font_weight":"400","content_typography_line_height":{"unit":"px","size":20,"sizes":[]},"content_color":"#6F6F6F","_css_classes":"fsp-service-programs","posts_post_type":"post","columns_tablet":"3"},"elements":[],"isInner":false,"widgetType":"ea-amox-grid","elType":"widget"}],"isInner":false,"elType":"column"}],"isInner":false,"elType":"section"},{"id":"41c97261","settings":{"content_width":{"unit":"px","size":1430,"sizes":[]}},"elements":[{"id":"7d084aba","settings":{"_column_size":100,"_inline_size":null,"background_background":"classic","background_color":"#F9F8FF","border_radius":{"unit":"px","top":"46","right":"46","bottom":"46","left":"46","isLinked":true},"padding":{"unit":"px","top":"50","right":"50","bottom":"50","left":"50","isLinked":true},"padding_tablet":{"unit":"px","top":"20","right":"20","bottom":"20","left":"20","isLinked":true}},"elements":[{"id":"67b1a42e","settings":{"structure":"40","css_classes":"fsp-home-about-counter"},"elements":[{"id":"268e240b","settings":{"_column_size":25,"_inline_size":null,"css_classes":"fsp-counter fsp-counter-product","_inline_size_tablet":50},"elements":[{"id":"b6692c3","settings":{"ending_number":32000,"title":"product sold every year","number_color":"#1D1D1DDD","typography_number_typography":"custom","typography_number_font_family":"Playfair Display","typography_number_font_size":{"unit":"px","size":50,"sizes":[]},"typography_number_font_weight":"600","typography_number_line_height":{"unit":"px","size":66,"sizes":[]},"title_color":"#7469B6","typography_title_typography":"custom","typography_title_font_family":"Montserrat","typography_title_font_size":{"unit":"px","size":18,"sizes":[]},"typography_title_font_weight":"600","typography_title_line_height":{"unit":"px","size":22,"sizes":[]},"_css_classes":"fsp-home-counter"},"elements":[],"isInner":false,"widgetType":"counter","elType":"widget"}],"isInner":true,"elType":"column"},{"id":"2635a1aa","settings":{"_column_size":25,"_inline_size":null,"css_classes":"fsp-counter fsp-counter-customer","_inline_size_tablet":50},"elements":[{"id":"61bdf7e4","settings":{"ending_number":60000,"title":"Verified Customer","number_color":"#1D1D1DDD","typography_number_typography":"custom","typography_number_font_family":"Playfair Display","typography_number_font_size":{"unit":"px","size":50,"sizes":[]},"typography_number_font_weight":"600","typography_number_line_height":{"unit":"px","size":66,"sizes":[]},"title_color":"#7469B6","typography_title_typography":"custom","typography_title_font_family":"Montserrat","typography_title_font_size":{"unit":"px","size":18,"sizes":[]},"typography_title_font_weight":"600","typography_title_line_height":{"unit":"px","size":22,"sizes":[]},"suffix":"+","_css_classes":"fsp-home-counter"},"elements":[],"isInner":false,"widgetType":"counter","elType":"widget"}],"isInner":true,"elType":"column"},{"id":"1a8d9d72","settings":{"_column_size":25,"_inline_size":null,"css_classes":"fsp-counter fsp-counter-experience","_inline_size_tablet":50},"elements":[{"id":"7b00d589","settings":{"ending_number":16,"title":"Industry experience","number_color":"#1D1D1DDD","typography_number_typography":"custom","typography_number_font_family":"Playfair Display","typography_number_font_size":{"unit":"px","size":50,"sizes":[]},"typography_number_font_weight":"600","typography_number_line_height":{"unit":"px","size":66,"sizes":[]},"title_color":"#7469B6","typography_title_typography":"custom","typography_title_font_family":"Montserrat","typography_title_font_size":{"unit":"px","size":18,"sizes":[]},"typography_title_font_weight":"600","typography_title_line_height":{"unit":"px","size":22,"sizes":[]},"suffix":"+ Years","_css_classes":"fsp-home-counter"},"elements":[],"isInner":false,"widgetType":"counter","elType":"widget"}],"isInner":true,"elType":"column"},{"id":"719be3e7","settings":{"_column_size":25,"_inline_size":null,"_inline_size_tablet":50},"elements":[{"id":"5b9a1bc3","settings":{"ending_number":420,"title":"Cities Covered","number_color":"#1D1D1DDD","typography_number_typography":"custom","typography_number_font_family":"Playfair Display","typography_number_font_size":{"unit":"px","size":50,"sizes":[]},"typography_number_font_weight":"600","typography_number_line_height":{"unit":"px","size":66,"sizes":[]},"title_color":"#7469B6","typography_title_typography":"custom","typography_title_font_family":"Montserrat","typography_title_font_size":{"unit":"px","size":18,"sizes":[]},"typography_title_font_weight":"600","typography_title_line_height":{"unit":"px","size":22,"sizes":[]},"suffix":"+","_css_classes":"fsp-home-counter"},"elements":[],"isInner":false,"widgetType":"counter","elType":"widget"}],"isInner":true,"elType":"column"}],"isInner":true,"elType":"section"}],"isInner":false,"elType":"column"}],"isInner":false,"elType":"section"},{"id":"112b8c14","settings":{"content_width":{"unit":"px","size":1410,"sizes":[]},"structure":"20","padding":{"unit":"px","top":"90","right":"10","bottom":"150","left":"10","isLinked":false},"content_position":"middle","padding_tablet":{"unit":"px","top":"60","right":"10","bottom":"150","left":"10","isLinked":false},"padding_mobile":{"unit":"px","top":"60","right":"10","bottom":"60","left":"10","isLinked":false}},"elements":[{"id":"13def21a","settings":{"_column_size":50,"_inline_size":null,"space_between_widgets":0,"css_classes":"fsp-des-img-wrapper"},"elements":[{"id":"1dbd40ab","settings":{"image_size":"full","image":{"id":350,"url":"http:\/\/localhost\/test2\/wp-content\/uploads\/2024\/05\/service-description-1.jpg"},"image_border_radius":{"unit":"px","top":"46","right":"46","bottom":"46","left":"46","isLinked":true},"align":"left","_css_classes":"fsp-des-img"},"elements":[],"isInner":false,"widgetType":"image","elType":"widget"},{"id":"5d4f0ed","settings":{"image":{"id":351,"url":"http:\/\/localhost\/test2\/wp-content\/uploads\/2024\/05\/service-explore-more-1.jpg"},"image_size":"full","align":"right","image_border_radius":{"unit":"px","top":"46","right":"46","bottom":"46","left":"46","isLinked":true},"_position":"absolute","_offset_orientation_h":"end","_offset_x":{"unit":"px","size":"","sizes":[]},"_offset_x_end":{"unit":"px","size":-300,"sizes":[]},"_offset_x_end_tablet":{"unit":"%","size":"","sizes":[]},"_offset_x_end_mobile":{"unit":"%","size":"","sizes":[]},"_offset_orientation_v":"end","_offset_y":{"unit":"px","size":"","sizes":[]},"_offset_y_end":{"unit":"px","size":-50,"sizes":[]},"_css_classes":"fsp-service-desc"},"elements":[],"isInner":false,"widgetType":"image","elType":"widget"}],"isInner":false,"elType":"column"},{"id":"268fb4ac","settings":{"_column_size":50,"_inline_size":null},"elements":[{"id":"2cee91bf","settings":{"title":"Description","header_size":"h6","title_color":"#7469B6","typography_typography":"custom","typography_font_family":"Playfair Display","typography_font_size":{"unit":"px","size":22,"sizes":[]},"typography_font_weight":"600","typography_line_height":{"unit":"px","size":30,"sizes":[]},"align_mobile":"center"},"elements":[],"isInner":false,"widgetType":"heading","elType":"widget"},{"id":"111799a5","settings":{"editor":"Welcome to our service page, where we offer a range of expert floral services tailored to meet your every need. From enchanting event decorations that transform ordinary spaces into stunning showcases of beauty, to personalized floral arrangements crafted with creativity and care, we are dedicated to bringing your floral dreams to life. Whether you're planning a wedding, corporate event, or intimate gathering, our professional team will work closely with you to understand your vision and exceed your expectations. With our convenient flower delivery services, sending heartfelt messages of love and appreciation has never been easier. Additionally, our custom orders allow you to create unique floral designs that perfectly reflect your style and personality. Elevate your space with our subscription services, ensuring that fresh blooms brighten your day on a regular basis. At Blossom Heaven, we are committed to providing exceptional service and creating memorable floral experiences for every occasion.","text_color":"#6F6F6F","typography_typography":"custom","typography_font_family":"Montserrat","typography_font_size":{"unit":"px","size":16,"sizes":[]},"typography_font_weight":"400","typography_line_height":{"unit":"px","size":20,"sizes":[]},"_element_custom_width":{"unit":"px","size":603,"sizes":[]},"_css_classes":"fsp-text-justify","align_mobile":"center"},"elements":[],"isInner":false,"widgetType":"text-editor","elType":"widget"},{"id":"58f901a7","settings":{"text":"Explore more","align":"right","typography_typography":"custom","typography_font_family":"Montserrat","typography_font_size":{"unit":"px","size":16,"sizes":[]},"typography_font_weight":"600","typography_line_height":{"unit":"px","size":20,"sizes":[]},"background_color":"#7469B6","border_radius":{"unit":"px","top":"7","right":"7","bottom":"7","left":"7","isLinked":true},"text_padding":{"unit":"px","top":"14","right":"30","bottom":"14","left":"30","isLinked":false},"_margin":{"unit":"px","top":"0","right":"100","bottom":"0","left":"0","isLinked":false},"_css_classes":"service-explone-btn","align_mobile":"center","_margin_mobile":{"unit":"px","top":"0","right":"0","bottom":"0","left":"0","isLinked":false}},"elements":[],"isInner":false,"widgetType":"button","elType":"widget"}],"isInner":false,"elType":"column"}],"isInner":false,"elType":"section"},{"id":"737e1084","settings":{"background_background":"classic","background_color":"#F4F2FF","border_radius":{"unit":"px","top":"46","right":"46","bottom":"46","left":"46","isLinked":true},"_title":"Testimonials"},"elements":[{"id":"5ba061fc","settings":{"_column_size":100,"_inline_size":null,"space_between_widgets":10,"padding":{"unit":"px","top":"20","right":"10","bottom":"20","left":"10","isLinked":false}},"elements":[{"id":"20580ff9","settings":{"title":"Testimonials","header_size":"h6","align":"center","title_color":"#7469B6","typography_typography":"custom","typography_font_family":"Montserrat","typography_font_size":{"unit":"px","size":16,"sizes":[]},"typography_font_weight":"600","typography_line_height":{"unit":"px","size":20,"sizes":[]}},"elements":[],"isInner":false,"widgetType":"heading","elType":"widget"},{"id":"7202556b","settings":{"title":"Customer reviews","header_size":"h3","align":"center","title_color":"#AD88C6","typography_typography":"custom","typography_font_family":"Playfair Display","typography_font_size":{"unit":"px","size":25,"sizes":[]},"typography_font_weight":"700","typography_line_height":{"unit":"px","size":34,"sizes":[]}},"elements":[],"isInner":false,"widgetType":"heading","elType":"widget"}],"isInner":false,"elType":"column"}],"isInner":false,"elType":"section"},{"id":"2c56c7bf","settings":{"content_width":{"unit":"px","size":1430,"sizes":[]},"margin":{"unit":"px","top":"","right":0,"bottom":"","left":0,"isLinked":true},"padding":{"unit":"px","top":"50","right":"0","bottom":"90","left":"0","isLinked":false},"padding_mobile":{"unit":"px","top":"10","right":"0","bottom":"90","left":"0","isLinked":false}},"elements":[{"id":"3c69092c","settings":{"_column_size":100,"_inline_size":null,"padding":{"unit":"px","top":"10","right":"0","bottom":"10","left":"0","isLinked":false}},"elements":[{"id":"6833996c","settings":{"columns":"2","item_gap":{"unit":"px","size":0,"sizes":[]},"primary_thumbnail_size":"full","item_limit":{"unit":"px","size":4,"sizes":[]},"posts_source":"testimonial","show_title":"","excerpt_length":3000,"show_category":"","show_readmore":"","show_author":"","show_date":"","arrows_position":"bottom-center","nav_arrows_icon":"8","hide_arrow_on_mobile":"","direction":"vertical","vertical_height":{"unit":"px","size":600,"sizes":[]},"autoplay":"","slides_to_scroll":"1","arrows_color":"#B4B4B4","arrows_size":{"unit":"px","size":24,"sizes":[]},"arrows_space":{"unit":"px","size":15,"sizes":[]},"arrows_hover_color":"#000000","_css_classes":"fsp-verticle-slider","posts_post_type":"post"},"elements":[],"isInner":false,"widgetType":"ea-alex-carousel","elType":"widget"}],"isInner":false,"elType":"column"}],"isInner":false,"elType":"section"}],"page_settings":[],"version":"0.4","title":"fsp-service-15-may","type":"page"}