{"content":[{"id":"59f55e83","settings":{"content_width":{"unit":"px","size":1410,"sizes":[]},"height":"min-height","background_background":"classic","background_image":{"id":"396","url":"http:\/\/localhost\/test2\/wp-content\/uploads\/2024\/05\/hero-banner-scaled-1.jpg"},"background_position":"center center","background_repeat":"no-repeat","background_size":"cover","background_overlay_background":"gradient","background_overlay_color":"#000000DE","background_overlay_color_b":"#00000000","background_overlay_opacity":{"unit":"px","size":1,"sizes":[]},"border_radius":{"unit":"px","top":"20","right":"20","bottom":"20","left":"20","isLinked":true},"padding":{"unit":"px","top":"10","right":"10","bottom":"10","left":"10","isLinked":true},"background_overlay_color_b_stop":{"unit":"%","size":55,"sizes":[]}},"elements":[{"id":"2a96fe2b","settings":{"_column_size":100,"_inline_size":null},"elements":[{"id":"3859c68d","settings":{"title":"Blog","header_size":"h1","align":"center","title_color":"#FFFFFF","typography_typography":"custom","typography_font_family":"Playfair Display","typography_font_size":{"unit":"px","size":58,"sizes":[]},"typography_font_weight":"700","typography_line_height":{"unit":"px","size":77,"sizes":[]},"typography_font_size_mobile":{"unit":"px","size":42,"sizes":[]},"typography_line_height_mobile":{"unit":"px","size":50,"sizes":[]}},"elements":[],"isInner":false,"widgetType":"heading","elType":"widget"}],"isInner":false,"elType":"column"}],"isInner":false,"elType":"section"},{"id":"447aa87c","settings":{"background_background":"classic","background_color":"#F4F2FF","border_radius":{"unit":"px","top":"46","right":"46","bottom":"46","left":"46","isLinked":true},"_title":"Shop","margin":{"unit":"px","top":"30","right":0,"bottom":"50","left":0,"isLinked":false}},"elements":[{"id":"3b5ceb57","settings":{"_column_size":100,"_inline_size":null,"space_between_widgets":10,"padding":{"unit":"px","top":"20","right":"10","bottom":"20","left":"10","isLinked":false}},"elements":[{"id":"47734739","settings":{"title":"Content Hub","header_size":"h6","align":"center","title_color":"#7469B6","typography_typography":"custom","typography_font_family":"Montserrat","typography_font_size":{"unit":"px","size":16,"sizes":[]},"typography_font_weight":"600","typography_line_height":{"unit":"px","size":20,"sizes":[]}},"elements":[],"isInner":false,"widgetType":"heading","elType":"widget"},{"id":"4bf31d51","settings":{"title":"Insights","header_size":"h3","align":"center","title_color":"#AD88C6","typography_typography":"custom","typography_font_family":"Playfair Display","typography_font_size":{"unit":"px","size":25,"sizes":[]},"typography_font_weight":"700","typography_line_height":{"unit":"px","size":34,"sizes":[]}},"elements":[],"isInner":false,"widgetType":"heading","elType":"widget"}],"isInner":false,"elType":"column"}],"isInner":false,"elType":"section"},{"id":"1dc5ebec","settings":{"content_width":{"unit":"px","size":1410,"sizes":[]},"padding":{"unit":"px","top":"10","right":"10","bottom":"90","left":"10","isLinked":false},"padding_mobile":{"unit":"px","top":"10","right":"10","bottom":"50","left":"10","isLinked":false}},"elements":[{"id":"1a6500d1","settings":{"_column_size":100,"_inline_size":null},"elements":[{"id":"183aa11e","settings":{"primary_thumbnail_size":"full","item_limit":{"unit":"px","size":9,"sizes":[]},"show_excerpt":"","show_readmore":"","show_comments":"","show_pagination":"yes","title_typography_typography":"custom","title_typography_font_family":"Playfair Display","title_typography_font_size":{"unit":"px","size":18,"sizes":[]},"title_typography_font_weight":"600","title_typography_line_height":{"unit":"px","size":24,"sizes":[]},"title_color":"#7469B6","meta_color":"#7469B6","meta_typography_typography":"custom","meta_typography_font_family":"Montserrat","meta_typography_font_size":{"unit":"px","size":16,"sizes":[]},"meta_typography_font_weight":"400","meta_typography_text_transform":"capitalize","meta_typography_line_height":{"unit":"px","size":20,"sizes":[]},"category_color":"#818181","category_typography_typography":"custom","category_typography_font_family":"Montserrat","category_typography_font_size":{"unit":"px","size":16,"sizes":[]},"category_typography_font_weight":"400","category_typography_text_transform":"capitalize","category_typography_line_height":{"unit":"px","size":20,"sizes":[]},"pagination_color":"#1D1D1D","pagination_border_border":"solid","pagination_border_width":{"unit":"px","top":"1","right":"1","bottom":"1","left":"1","isLinked":true},"pagination_border_color":"#7469B6","pagination_padding":{"unit":"px","top":"10","right":"14","bottom":"10","left":"14","isLinked":false},"pagination_radius":{"unit":"px","top":"7","right":"7","bottom":"7","left":"7","isLinked":true},"pagination_typography_typography":"custom","pagination_typography_font_family":"Montserrat","pagination_typography_font_size":{"unit":"px","size":18,"sizes":[]},"pagination_typography_line_height":{"unit":"px","size":22,"sizes":[]},"pagination_hover_color":"#FFFFFF","pagination_hover_border_color":"#7469B6","pagination_hover_background_background":"classic","pagination_hover_background_color":"#7469B6","pagination_active_color":"#FFFFFF","pagination_active_background_background":"classic","pagination_active_background_color":"#7469B6","_css_classes":"blog-sec","posts_post_type":"post"},"elements":[],"isInner":false,"widgetType":"ea-amox-grid","elType":"widget"}],"isInner":false,"elType":"column"}],"isInner":false,"elType":"section"}],"page_settings":[],"version":"0.4","title":"fsp-blog-4-may","type":"page"}