{"content":[{"id":"2fdabf02","settings":{"layout":"full_width","content_width":{"unit":"px","size":1410,"sizes":[]},"gap":"no","height":"min-height","custom_height":{"unit":"px","size":500,"sizes":[]},"column_position":"top","css_classes":"fsp-home-banner-sec"},"elements":[{"id":"630e8e67","settings":{"_column_size":100,"_inline_size":null,"space_between_widgets_mobile":0},"elements":[{"id":"3fa5614b","settings":{"image":{"id":151,"url":"http:\/\/localhost\/test2\/wp-content\/uploads\/2024\/05\/banner-scaled-1-1-1-3-1-1.jpg"},"image_size":"full","align_mobile":"center","width":{"unit":"%","size":100,"sizes":[]},"_css_classes":"fsp-home-banner-img-1","_mask_switch":"yes","_mask_shape":"custom","_mask_image":{"id":152,"url":"http:\/\/localhost\/test2\/wp-content\/uploads\/2024\/05\/mast-1-11-may-1.png"}},"elements":[],"isInner":false,"widgetType":"image","elType":"widget"},{"id":"2fe0a9c1","settings":{"image":{"id":153,"url":"http:\/\/localhost\/test2\/wp-content\/uploads\/2024\/05\/banner-11may-scaled-1.jpg"},"image_size":"full","align_mobile":"center","width":{"unit":"%","size":100,"sizes":[]},"_position":"absolute","_offset_orientation_h":"end","_offset_x":{"unit":"px","size":"","sizes":[]},"_offset_orientation_v":"end","_offset_y":{"unit":"px","size":"","sizes":[]},"_z_index":2,"_css_classes":"fsp-home-banner-img-2","_mask_switch":"yes","_mask_shape":"custom","_mask_image":{"id":154,"url":"http:\/\/localhost\/test2\/wp-content\/uploads\/2024\/05\/mast-2-11may-1.png"}},"elements":[],"isInner":false,"widgetType":"image","elType":"widget"},{"id":"3f1757f1","settings":{"content_width":{"unit":"px","size":1410,"sizes":[]},"z_index":9,"css_classes":"fsp-home-banner-content","padding":{"unit":"px","top":"10","right":"10","bottom":"10","left":"10","isLinked":true}},"elements":[{"id":"7bad1244","settings":{"_column_size":100,"_inline_size":null,"align":"center","space_between_widgets":0},"elements":[{"id":"1d00fe1","settings":{"editor":"Experience the enchantment of fresh blooms delivered right to you, enhancing your space with nature's vibrant colors and fragrances.","align":"center","text_color":"#FFFFFF","typography_typography":"custom","typography_font_family":"Montserrat","typography_font_size":{"unit":"px","size":22,"sizes":[]},"typography_font_weight":"600","typography_line_height":{"unit":"px","size":28,"sizes":[]},"_element_width":"initial","_element_custom_width":{"unit":"px","size":1337,"sizes":[]},"_offset_x":{"unit":"px","size":"","sizes":[]},"_offset_x_tablet":{"unit":"%","size":"","sizes":[]},"_offset_x_mobile":{"unit":"%","size":"","sizes":[]},"_offset_y":{"unit":"px","size":100,"sizes":[]},"_margin":{"unit":"px","top":"0","right":"0","bottom":"20","left":"0","isLinked":false}},"elements":[],"isInner":false,"widgetType":"text-editor","elType":"widget"},{"id":"220a74c","settings":{"title":"Welcome to Blossom Heaven:\nWhere Every Petal Tells a Story","header_size":"h1","align":"center","title_color":"#FFFFFF","typography_typography":"custom","typography_font_family":"Playfair Display","typography_font_size":{"unit":"px","size":58,"sizes":[]},"typography_font_weight":"700","typography_line_height":{"unit":"px","size":78,"sizes":[]},"_element_width":"initial","_element_custom_width":{"unit":"px","size":827,"sizes":[]},"_offset_x":{"unit":"px","size":"","sizes":[]},"_offset_y":{"unit":"px","size":180,"sizes":[]},"typography_font_size_tablet":{"unit":"px","size":42,"sizes":[]},"typography_line_height_tablet":{"unit":"px","size":50,"sizes":[]},"typography_line_height_mobile":{"unit":"px","size":44,"sizes":[]},"_margin":{"unit":"px","top":"0","right":"0","bottom":"20","left":"0","isLinked":false},"typography_font_size_mobile":{"unit":"px","size":36,"sizes":[]}},"elements":[],"isInner":false,"widgetType":"heading","elType":"widget"},{"id":"16e7c188","settings":{"text":"Shop Now","align":"center","typography_typography":"custom","typography_font_family":"Montserrat","typography_font_size":{"unit":"px","size":16,"sizes":[]},"typography_font_weight":"600","typography_line_height":{"unit":"px","size":20,"sizes":[]},"background_color":"#7469B6","border_radius":{"unit":"px","top":"7","right":"7","bottom":"7","left":"7","isLinked":true},"text_padding":{"unit":"px","top":"12","right":"40","bottom":"12","left":"40","isLinked":false},"_offset_x":{"unit":"px","size":"","sizes":[]},"_offset_y":{"unit":"px","size":350,"sizes":[]},"_margin":{"unit":"px","top":"0","right":"0","bottom":"30","left":"0","isLinked":false}},"elements":[],"isInner":false,"widgetType":"button","elType":"widget"},{"id":"100cbe99","settings":{"text":"Divider","color":"#FFFFFF","gap":{"unit":"px","size":0,"sizes":[]},"_element_width":"initial","_element_custom_width":{"unit":"px","size":703,"sizes":[]},"_offset_x":{"unit":"px","size":"","sizes":[]},"_offset_y":{"unit":"px","size":420,"sizes":[]},"_css_classes":"fsp-banner-devider"},"elements":[],"isInner":false,"widgetType":"divider","elType":"widget"}],"isInner":true,"elType":"column"}],"isInner":true,"elType":"section"}],"isInner":false,"elType":"column"}],"isInner":false,"elType":"section"},{"id":"1bb159ad","settings":{"content_width":{"unit":"px","size":1430,"sizes":[]},"padding":{"unit":"px","top":"90","right":"10","bottom":"40","left":"10","isLinked":false},"_title":"About Us","padding_mobile":{"unit":"px","top":"50","right":"10","bottom":"40","left":"10","isLinked":false}},"elements":[{"id":"303478e","settings":{"_column_size":100,"_inline_size":null,"space_between_widgets":10},"elements":[{"id":"7a1fcef3","settings":{"title":"About Us","header_size":"h6","align":"center","title_color":"#7469B6","typography_typography":"custom","typography_font_family":"Montserrat","typography_font_size":{"unit":"px","size":16,"sizes":[]},"typography_font_weight":"600","typography_line_height":{"unit":"px","size":20,"sizes":[]}},"elements":[],"isInner":false,"widgetType":"heading","elType":"widget"},{"id":"5e0be88a","settings":{"title":"Get to Know Us","header_size":"h3","align":"center","title_color":"#AD88C6","typography_typography":"custom","typography_font_family":"Playfair Display","typography_font_size":{"unit":"px","size":25,"sizes":[]},"typography_font_weight":"700","typography_line_height":{"unit":"px","size":34,"sizes":[]}},"elements":[],"isInner":false,"widgetType":"heading","elType":"widget"}],"isInner":false,"elType":"column"}],"isInner":false,"elType":"section"},{"id":"1e3ed906","settings":{"content_width":{"unit":"px","size":1430,"sizes":[]}},"elements":[{"id":"721b609d","settings":{"_column_size":100,"_inline_size":null,"background_background":"classic","background_color":"#F4F2FF","border_radius":{"unit":"px","top":"46","right":"46","bottom":"46","left":"46","isLinked":true},"padding":{"unit":"px","top":"50","right":"50","bottom":"50","left":"50","isLinked":true},"padding_tablet":{"unit":"px","top":"20","right":"20","bottom":"20","left":"20","isLinked":true}},"elements":[{"id":"6cf9887a","settings":{"structure":"40","css_classes":"fsp-home-about-counter"},"elements":[{"id":"16760f2c","settings":{"_column_size":25,"_inline_size":null,"css_classes":"fsp-counter fsp-counter-product","_inline_size_tablet":50},"elements":[{"id":"73e352f7","settings":{"ending_number":32000,"title":"product sold every year","number_color":"#1D1D1DDD","typography_number_typography":"custom","typography_number_font_family":"Playfair Display","typography_number_font_size":{"unit":"px","size":50,"sizes":[]},"typography_number_font_weight":"600","typography_number_line_height":{"unit":"px","size":66,"sizes":[]},"title_color":"#7469B6","typography_title_typography":"custom","typography_title_font_family":"Montserrat","typography_title_font_size":{"unit":"px","size":18,"sizes":[]},"typography_title_font_weight":"600","typography_title_line_height":{"unit":"px","size":22,"sizes":[]},"_css_classes":"fsp-home-counter","title_gap":{"unit":"px","size":10,"sizes":[]},"typography_title_text_transform":"capitalize"},"elements":[],"isInner":false,"widgetType":"counter","elType":"widget"}],"isInner":true,"elType":"column"},{"id":"3f7fbf31","settings":{"_column_size":25,"_inline_size":null,"css_classes":"fsp-counter fsp-counter-customer","_inline_size_tablet":50},"elements":[{"id":"3e87cf74","settings":{"ending_number":60000,"title":"Verified Customer","number_color":"#1D1D1DDD","typography_number_typography":"custom","typography_number_font_family":"Playfair Display","typography_number_font_size":{"unit":"px","size":50,"sizes":[]},"typography_number_font_weight":"600","typography_number_line_height":{"unit":"px","size":66,"sizes":[]},"title_color":"#7469B6","typography_title_typography":"custom","typography_title_font_family":"Montserrat","typography_title_font_size":{"unit":"px","size":18,"sizes":[]},"typography_title_font_weight":"600","typography_title_line_height":{"unit":"px","size":22,"sizes":[]},"suffix":"+","_css_classes":"fsp-home-counter","title_gap":{"unit":"px","size":10,"sizes":[]},"typography_title_text_transform":"capitalize"},"elements":[],"isInner":false,"widgetType":"counter","elType":"widget"}],"isInner":true,"elType":"column"},{"id":"2926d459","settings":{"_column_size":25,"_inline_size":null,"css_classes":"fsp-counter fsp-counter-experience","_inline_size_tablet":50},"elements":[{"id":"7444ffa2","settings":{"ending_number":16,"title":"Industry experience","number_color":"#1D1D1DDD","typography_number_typography":"custom","typography_number_font_family":"Playfair Display","typography_number_font_size":{"unit":"px","size":50,"sizes":[]},"typography_number_font_weight":"600","typography_number_line_height":{"unit":"px","size":66,"sizes":[]},"title_color":"#7469B6","typography_title_typography":"custom","typography_title_font_family":"Montserrat","typography_title_font_size":{"unit":"px","size":18,"sizes":[]},"typography_title_font_weight":"600","typography_title_line_height":{"unit":"px","size":22,"sizes":[]},"suffix":"+ Years","_css_classes":"fsp-home-counter","title_gap":{"unit":"px","size":10,"sizes":[]},"typography_title_text_transform":"capitalize"},"elements":[],"isInner":false,"widgetType":"counter","elType":"widget"}],"isInner":true,"elType":"column"},{"id":"66cc12eb","settings":{"_column_size":25,"_inline_size":null,"_inline_size_tablet":50},"elements":[{"id":"74df39dd","settings":{"ending_number":420,"title":"Cities Covered","number_color":"#1D1D1DDD","typography_number_typography":"custom","typography_number_font_family":"Playfair Display","typography_number_font_size":{"unit":"px","size":50,"sizes":[]},"typography_number_font_weight":"600","typography_number_line_height":{"unit":"px","size":66,"sizes":[]},"title_color":"#7469B6","typography_title_typography":"custom","typography_title_font_family":"Montserrat","typography_title_font_size":{"unit":"px","size":18,"sizes":[]},"typography_title_font_weight":"600","typography_title_line_height":{"unit":"px","size":22,"sizes":[]},"suffix":"+","_css_classes":"fsp-home-counter","title_gap":{"unit":"px","size":10,"sizes":[]},"typography_title_text_transform":"capitalize"},"elements":[],"isInner":false,"widgetType":"counter","elType":"widget"}],"isInner":true,"elType":"column"}],"isInner":true,"elType":"section"}],"isInner":false,"elType":"column"}],"isInner":false,"elType":"section"},{"id":"2a5e5d68","settings":{"content_width":{"unit":"px","size":1430,"sizes":[]},"content_position":"middle","structure":"20","padding":{"unit":"px","top":"20","right":"10","bottom":"20","left":"10","isLinked":false}},"elements":[{"id":"584bf75","settings":{"_column_size":50,"_inline_size":null},"elements":[{"id":"d1c1f5d","settings":{"title":"18,23,000","title_color":"#1D1D1D","typography_typography":"custom","typography_font_family":"Playfair Display","typography_font_size":{"unit":"px","size":159,"sizes":[]},"typography_font_weight":"500","typography_font_style":"italic","_css_classes":"fsp-home-order-num","align_mobile":"center"},"elements":[],"isInner":false,"widgetType":"heading","elType":"widget"}],"isInner":false,"elType":"column"},{"id":"1c01c7f3","settings":{"_column_size":50,"_inline_size":null,"space_between_widgets":0},"elements":[{"id":"37f4be71","settings":{"image":{"id":155,"url":"http:\/\/localhost\/test2\/wp-content\/uploads\/2024\/05\/order-sold-1-1-1-3-1-1.jpg"},"image_size":"full","align":"right","image_border_radius":{"unit":"px","top":"46","right":"46","bottom":"46","left":"46","isLinked":true},"align_mobile":"center","width_mobile":{"unit":"%","size":100,"sizes":[]}},"elements":[],"isInner":false,"widgetType":"image","elType":"widget"},{"id":"3efa707b","settings":{"title":"<span class=\"fsp-brand-clr\">Orders <\/span>Sold","title_color":"#FFFFFF","typography_typography":"custom","typography_font_family":"Montserrat","typography_font_size":{"unit":"px","size":33,"sizes":[]},"typography_font_weight":"600","typography_line_height":{"unit":"px","size":40,"sizes":[]},"_position":"absolute","_offset_y":{"unit":"px","size":70,"sizes":[]},"_css_classes":"fsp-home-order-text"},"elements":[],"isInner":false,"widgetType":"heading","elType":"widget"}],"isInner":false,"elType":"column"}],"isInner":false,"elType":"section"},{"id":"5dd3d836","settings":{"content_width":{"unit":"px","size":1430,"sizes":[]},"content_position":"middle","structure":"20","padding":{"unit":"px","top":"0","right":"10","bottom":"90","left":"10","isLinked":false},"css_classes":"fsp-order-sold-img","padding_mobile":{"unit":"px","top":"0","right":"10","bottom":"60","left":"10","isLinked":false}},"elements":[{"id":"1ab8ef59","settings":{"_column_size":50,"_inline_size":null},"elements":[{"id":"1cd130df","settings":{"image":{"id":156,"url":"http:\/\/localhost\/test2\/wp-content\/uploads\/2024\/05\/home-order-sold-1-1-1-3-1-1.jpg"},"image_size":"full","width":{"unit":"%","size":100,"sizes":[]},"image_border_radius":{"unit":"px","top":"46","right":"46","bottom":"46","left":"46","isLinked":true}},"elements":[],"isInner":false,"widgetType":"image","elType":"widget"}],"isInner":false,"elType":"column"},{"id":"4b94dd56","settings":{"_column_size":50,"_inline_size":null},"elements":[{"id":"10e8fe5a","settings":{"editor":"Welcome to our flower shop, where passion meets petals. At Blossom Heaven, we're devoted to curating the freshest blooms and crafting stunning arrangements that speak volumes without saying a word. With a blend of creativity, expertise, and a sprinkle of floral magic, we aim to bring smiles to faces and add a touch of elegance to life's special moments. From classic bouquets to bespoke creations, we're here to help you express love, celebrate joy, and make memories that blossom forever. Whether it's a romantic gesture, a heartfelt apology, or a gesture of appreciation, let our flowers convey your emotions with beauty and grace. Visit us today and let us transform your moments into unforgettable experiences with our enchanting floral designs.","text_color":"#6F6F6F","typography_typography":"custom","typography_font_family":"Montserrat","typography_font_size":{"unit":"px","size":16,"sizes":[]},"typography_font_weight":"400","typography_line_height":{"unit":"px","size":20,"sizes":[]},"align_mobile":"center"},"elements":[],"isInner":false,"widgetType":"text-editor","elType":"widget"},{"id":"5982ad83","settings":{"text":"Read More","typography_typography":"custom","typography_font_family":"Montserrat","typography_font_size":{"unit":"px","size":16,"sizes":[]},"typography_font_weight":"600","typography_line_height":{"unit":"px","size":20,"sizes":[]},"background_color":"#7469B6","border_radius":{"unit":"px","top":"5","right":"5","bottom":"5","left":"5","isLinked":true},"text_padding":{"unit":"px","top":"13","right":"50","bottom":"13","left":"50","isLinked":false},"_z_index":2,"_css_classes":"fsp-after-btn","align_mobile":"center"},"elements":[],"isInner":false,"widgetType":"button","elType":"widget"}],"isInner":false,"elType":"column"}],"isInner":false,"elType":"section"},{"id":"516a73c1","settings":{"background_background":"classic","background_color":"#F4F2FF","border_radius":{"unit":"px","top":"46","right":"46","bottom":"46","left":"46","isLinked":true},"_title":"Shop"},"elements":[{"id":"58c2b7c1","settings":{"_column_size":100,"_inline_size":null,"space_between_widgets":10,"padding":{"unit":"px","top":"20","right":"10","bottom":"20","left":"10","isLinked":false}},"elements":[{"id":"54978c67","settings":{"title":"Shop","header_size":"h6","align":"center","title_color":"#7469B6","typography_typography":"custom","typography_font_family":"Montserrat","typography_font_size":{"unit":"px","size":16,"sizes":[]},"typography_font_weight":"600","typography_line_height":{"unit":"px","size":20,"sizes":[]}},"elements":[],"isInner":false,"widgetType":"heading","elType":"widget"},{"id":"3e87424c","settings":{"title":"Outstanding Selections","header_size":"h3","align":"center","title_color":"#AD88C6","typography_typography":"custom","typography_font_family":"Playfair Display","typography_font_size":{"unit":"px","size":25,"sizes":[]},"typography_font_weight":"700","typography_line_height":{"unit":"px","size":34,"sizes":[]}},"elements":[],"isInner":false,"widgetType":"heading","elType":"widget"}],"isInner":false,"elType":"column"}],"isInner":false,"elType":"section"},{"id":"5934ff99","settings":{"content_width":{"unit":"px","size":1430,"sizes":[]},"padding":{"unit":"px","top":"20","right":"10","bottom":"90","left":"10","isLinked":false},"css_classes":"fsp-product-srtcode","padding_mobile":{"unit":"px","top":"20","right":"10","bottom":"60","left":"10","isLinked":false}},"elements":[{"id":"365be0f1","settings":{"_column_size":100,"_inline_size":null},"elements":[{"id":"43067def","settings":{"shortcode":"[product-tab-section]"},"elements":[],"isInner":false,"widgetType":"shortcode","elType":"widget"}],"isInner":false,"elType":"column"}],"isInner":false,"elType":"section"},{"id":"192e7bce","settings":{"background_background":"classic","background_color":"#F4F2FF","border_radius":{"unit":"px","top":"46","right":"46","bottom":"46","left":"46","isLinked":true},"_title":"Services Sec"},"elements":[{"id":"339545b1","settings":{"_column_size":100,"_inline_size":null,"space_between_widgets":10,"padding":{"unit":"px","top":"20","right":"10","bottom":"20","left":"10","isLinked":false}},"elements":[{"id":"3a956fba","settings":{"title":"Services","header_size":"h6","align":"center","title_color":"#7469B6","typography_typography":"custom","typography_font_family":"Montserrat","typography_font_size":{"unit":"px","size":16,"sizes":[]},"typography_font_weight":"600","typography_line_height":{"unit":"px","size":20,"sizes":[]}},"elements":[],"isInner":false,"widgetType":"heading","elType":"widget"},{"id":"3bd02d42","settings":{"title":"Assistance Options","header_size":"h3","align":"center","title_color":"#AD88C6","typography_typography":"custom","typography_font_family":"Playfair Display","typography_font_size":{"unit":"px","size":25,"sizes":[]},"typography_font_weight":"700","typography_line_height":{"unit":"px","size":34,"sizes":[]}},"elements":[],"isInner":false,"widgetType":"heading","elType":"widget"}],"isInner":false,"elType":"column"}],"isInner":false,"elType":"section"},{"id":"69ae2b02","settings":{"content_width":{"unit":"px","size":1430,"sizes":[]},"padding":{"unit":"px","top":"50","right":"10","bottom":"90","left":"10","isLinked":false},"padding_mobile":{"unit":"px","top":"20","right":"10","bottom":"60","left":"10","isLinked":false}},"elements":[{"id":"77e77511","settings":{"_column_size":100,"_inline_size":null},"elements":[{"id":"2340220e","settings":{"grid_style":"3","default_item_height":{"unit":"px","size":350,"sizes":[]},"content_position":"left","primary_thumbnail_size":"full","item_limit_2":{"unit":"px","size":5,"sizes":[]},"posts_source":"services","posts_exclude_by":[],"posts_order":"asc","show_excerpt":"","show_category":"","show_readmore":"","show_author":"","show_date":"","global_link":"yes","overlay_blur_effect":"","overlay_blur_level":{"unit":"px","size":0,"sizes":[]},"content_background_background":"classic","content_background_color":"#7469B600","content_background_color_b":"","title_background_background":"classic","_css_classes":"fsp-service-grid","content_border_radius":{"unit":"px","top":"46","right":"46","bottom":"46","left":"46","isLinked":true},"content_width":{"unit":"px","size":100,"sizes":[]},"title_typography_typography":"custom","title_typography_font_family":"Montserrat","title_typography_font_size":{"unit":"px","size":22,"sizes":[]},"title_typography_font_weight":"500","title_typography_line_height":{"unit":"px","size":30,"sizes":[]},"title_advanced_style":"yes","posts_post_type":"post"},"elements":[],"isInner":false,"widgetType":"ea-alex-grid","elType":"widget"}],"isInner":false,"elType":"column"}],"isInner":false,"elType":"section"},{"id":"1c4a7340","settings":{"background_background":"classic","background_color":"#F4F2FF","border_radius":{"unit":"px","top":"46","right":"46","bottom":"46","left":"46","isLinked":true},"_title":"Discover How We Work"},"elements":[{"id":"37e156","settings":{"_column_size":100,"_inline_size":null,"space_between_widgets":10,"padding":{"unit":"px","top":"20","right":"10","bottom":"20","left":"10","isLinked":false}},"elements":[{"id":"1001fa4d","settings":{"title":"Discover How We Work","header_size":"h6","align":"center","title_color":"#7469B6","typography_typography":"custom","typography_font_family":"Montserrat","typography_font_size":{"unit":"px","size":16,"sizes":[]},"typography_font_weight":"600","typography_line_height":{"unit":"px","size":20,"sizes":[]}},"elements":[],"isInner":false,"widgetType":"heading","elType":"widget"},{"id":"16cadc53","settings":{"title":"Our Process Explained","header_size":"h3","align":"center","title_color":"#AD88C6","typography_typography":"custom","typography_font_family":"Playfair Display","typography_font_size":{"unit":"px","size":25,"sizes":[]},"typography_font_weight":"700","typography_line_height":{"unit":"px","size":34,"sizes":[]}},"elements":[],"isInner":false,"widgetType":"heading","elType":"widget"}],"isInner":false,"elType":"column"}],"isInner":false,"elType":"section"},{"id":"49b044c5","settings":{"content_width":{"unit":"px","size":1430,"sizes":[]},"content_position":"middle","structure":"20","padding":{"unit":"px","top":"90","right":"10","bottom":"90","left":"10","isLinked":false},"padding_mobile":{"unit":"px","top":"20","right":"10","bottom":"60","left":"10","isLinked":false}},"elements":[{"id":"78d96fb5","settings":{"_column_size":50,"_inline_size":null,"space_between_widgets":0,"css_classes":"fsp-how-we-work-imgBox","_inline_size_tablet":50},"elements":[{"id":"6a89fbd2","settings":{"image":{"id":157,"url":"http:\/\/localhost\/test2\/wp-content\/uploads\/2024\/05\/how-we-work-1-2-1-3-1-1.jpg"},"image_size":"full","align":"left","image_border_radius":{"unit":"px","top":"46","right":"46","bottom":"46","left":"46","isLinked":true},"_css_classes":"fsp-star-img"},"elements":[],"isInner":false,"widgetType":"image","elType":"widget"},{"id":"41b2a48c","settings":{"image":{"id":158,"url":"http:\/\/localhost\/test2\/wp-content\/uploads\/2024\/05\/how-we-work-lavender-flowers-1-1-3-1-1.png"},"image_size":"full","align":"right","_position":"absolute","_css_classes":"fsp-home-our-process"},"elements":[],"isInner":false,"widgetType":"image","elType":"widget"},{"id":"47950874","settings":{"image":{"id":159,"url":"http:\/\/localhost\/test2\/wp-content\/uploads\/2024\/05\/how-we-work-2-1-1-3-1-1.jpg"},"image_size":"full","align":"right","image_border_radius":{"unit":"px","top":"46","right":"46","bottom":"46","left":"46","isLinked":true},"_margin":{"unit":"px","top":"-180","right":"-50","bottom":"0","left":"0","isLinked":false},"_z_index":3,"_margin_mobile":{"unit":"px","top":"-100","right":"0","bottom":"0","left":"0","isLinked":false}},"elements":[],"isInner":false,"widgetType":"image","elType":"widget"},{"id":"74a0726d","settings":{"ending_number":3000,"suffix":"+","thousand_separator":"","title":"event decoration organized","title_gap":{"unit":"px","size":10,"sizes":[]},"number_color":"#FFFFFF","typography_number_typography":"custom","typography_number_font_family":"Playfair Display","typography_number_font_size":{"unit":"px","size":50,"sizes":[]},"typography_number_font_weight":"700","typography_number_line_height":{"unit":"px","size":66,"sizes":[]},"title_color":"#FFFFFF","typography_title_typography":"custom","typography_title_font_family":"Playfair Display","typography_title_font_size":{"unit":"px","size":18,"sizes":[]},"typography_title_font_weight":"700","typography_title_line_height":{"unit":"px","size":24,"sizes":[]},"_padding":{"unit":"px","top":"30","right":"20","bottom":"20","left":"20","isLinked":false},"_element_width":"initial","_element_custom_width":{"unit":"px","size":195,"sizes":[]},"_position":"absolute","_offset_orientation_v":"end","_offset_y":{"unit":"px","size":"","sizes":[]},"_z_index":4,"_css_classes":"fsp-img-counter","_background_background":"classic","_background_color":"#7469B6","_border_radius":{"unit":"px","top":"46","right":"46","bottom":"46","left":"46","isLinked":true}},"elements":[],"isInner":false,"widgetType":"counter","elType":"widget"}],"isInner":false,"elType":"column"},{"id":"2e3dbe2f","settings":{"_column_size":50,"_inline_size":null,"padding":{"unit":"px","top":"0","right":"0","bottom":"0","left":"100","isLinked":false},"css_classes":"fsp-how-work-number","background_background":"classic","background_image":{"id":160,"url":"http:\/\/localhost\/test2\/wp-content\/uploads\/2024\/05\/lavender-flowers-bg-1-1-3-1-1.png"},"background_position":"center left","background_repeat":"no-repeat","background_size":"contain","css_filters_brightness":{"unit":"px","size":140,"sizes":[]},"css_filters_contrast":{"unit":"px","size":98,"sizes":[]},"_inline_size_tablet":50,"padding_tablet":{"unit":"px","top":"10","right":"10","bottom":"10","left":"100","isLinked":false},"padding_mobile":{"unit":"px","top":"30","right":"10","bottom":"10","left":"10","isLinked":false}},"elements":[{"id":"51831d7b","settings":{"icon_list":[{"text":"<div class=\"numSvg\">1<\/div> Initial Consultation","selected_icon":{"value":"","library":""},"_id":"a3a7a71"},{"text":"<div class=\"numSvg\">2<\/div> Proposal Presentation","selected_icon":{"value":"","library":""},"_id":"c2e6e2d"},{"text":"<div class=\"numSvg\">3<\/div> Confirmation and Contract Signing","selected_icon":{"value":"","library":""},"_id":"63a89ed"},{"text":"<div class=\"numSvg\">4<\/div> Design Execution","selected_icon":{"value":"","library":""},"_id":"bd2855a"},{"text":"<div class=\"numSvg\">5<\/div> Preparation and Setup","selected_icon":{"value":"","library":""},"_id":"ce83760"},{"text":"<div class=\"numSvg\">6<\/div> On-Site Installation","selected_icon":{"value":"","library":""},"_id":"a135350"},{"text":"<div class=\"numSvg\">7<\/div> Event Day Support","selected_icon":{"value":"","library":""},"_id":"6831695"},{"text":"<div class=\"numSvg\">8<\/div> Post-Event Cleanup","selected_icon":{"value":"","library":""},"_id":"4856744"},{"text":"<div class=\"numSvg\">9<\/div> Follow-Up and Feedback","selected_icon":{"value":"","library":""},"_id":"8b79534"}],"space_between":{"unit":"px","size":25,"sizes":[]},"icon_typography_typography":"custom","icon_typography_font_family":"Playfair Display","icon_typography_font_size":{"unit":"px","size":18,"sizes":[]},"icon_typography_font_weight":"700","icon_typography_line_height":{"unit":"px","size":24,"sizes":[]},"text_color":"#7469B6"},"elements":[],"isInner":false,"widgetType":"icon-list","elType":"widget"}],"isInner":false,"elType":"column"}],"isInner":false,"elType":"section"},{"id":"4c8443f8","settings":{"background_background":"classic","background_color":"#F4F2FF","border_radius":{"unit":"px","top":"46","right":"46","bottom":"46","left":"46","isLinked":true},"_title":"Product"},"elements":[{"id":"38e67906","settings":{"_column_size":100,"_inline_size":null,"space_between_widgets":10,"padding":{"unit":"px","top":"20","right":"10","bottom":"20","left":"10","isLinked":false}},"elements":[{"id":"287629d7","settings":{"title":"Product","header_size":"h6","align":"center","title_color":"#7469B6","typography_typography":"custom","typography_font_family":"Montserrat","typography_font_size":{"unit":"px","size":16,"sizes":[]},"typography_font_weight":"600","typography_line_height":{"unit":"px","size":20,"sizes":[]}},"elements":[],"isInner":false,"widgetType":"heading","elType":"widget"},{"id":"176139a5","settings":{"title":"Categories","header_size":"h3","align":"center","title_color":"#AD88C6","typography_typography":"custom","typography_font_family":"Playfair Display","typography_font_size":{"unit":"px","size":25,"sizes":[]},"typography_font_weight":"700","typography_line_height":{"unit":"px","size":34,"sizes":[]}},"elements":[],"isInner":false,"widgetType":"heading","elType":"widget"}],"isInner":false,"elType":"column"}],"isInner":false,"elType":"section"},{"id":"4864f63d","settings":{"content_width":{"unit":"px","size":1430,"sizes":[]},"padding":{"unit":"px","top":"50","right":"10","bottom":"90","left":"10","isLinked":false},"padding_tablet":{"unit":"px","top":"50","right":"10","bottom":"60","left":"10","isLinked":false},"padding_mobile":{"unit":"px","top":"30","right":"10","bottom":"60","left":"10","isLinked":false}},"elements":[{"id":"7ad887cb","settings":{"_column_size":100,"_inline_size":null},"elements":[{"id":"5cfe484b","settings":{"limitcount":3,"show_description":"yes","show_count":"","no_gutters":"","item_space":{"unit":"px","size":20,"sizes":[]},"image_border_radius":{"unit":"px","top":"46","right":"46","bottom":"46","left":"46","isLinked":true},"title_color":"#FFFFFF","title_typography_typography":"custom","title_typography_font_family":"Montserrat","title_typography_font_size":{"unit":"px","size":16,"sizes":[]},"title_typography_font_weight":"600","title_typography_line_height":{"unit":"px","size":20,"sizes":[]},"title_margin":{"unit":"px","top":"-50","right":"0","bottom":"0","left":"0","isLinked":false},"description_color":"#7469B6","description_typography_typography":"custom","description_typography_font_family":"Montserrat","description_typography_font_size":{"unit":"px","size":16,"sizes":[]},"description_typography_font_weight":"400","description_typography_line_height":{"unit":"px","size":20,"sizes":[]},"description_margin":{"unit":"px","top":"50","right":"0","bottom":"0","left":"0","isLinked":false},"_css_classes":"fsp-cat-list","item_space_tablet":{"unit":"px","size":5,"sizes":[]}},"elements":[],"isInner":false,"widgetType":"wl-category-grid","elType":"widget"}],"isInner":false,"elType":"column"}],"isInner":false,"elType":"section"},{"id":"30f9553","settings":{"content_width":{"unit":"px","size":1430,"sizes":[]},"structure":"20","padding":{"unit":"px","top":"50","right":"10","bottom":"50","left":"10","isLinked":false},"_title":"Spring is coming","background_background":"classic","background_image":{"id":161,"url":"http:\/\/localhost\/test2\/wp-content\/uploads\/2024\/05\/spring-is-coming-bg-scaled-1-1-3-1-1.jpg"},"background_position":"center center","background_repeat":"no-repeat","background_size":"cover"},"elements":[{"id":"41f2acb2","settings":{"_column_size":50,"_inline_size":null,"space_between_widgets":0},"elements":[{"id":"68243b59","settings":{"title":"Spring is coming","header_size":"h3","typography_typography":"custom","typography_font_family":"Playfair Display","typography_font_size":{"unit":"px","size":58,"sizes":[]},"typography_font_weight":"700","typography_line_height":{"unit":"px","size":78,"sizes":[]},"_css_classes":"fsp-spring-sec","title_color":"#FFFFFF","typography_font_size_tablet":{"unit":"px","size":45,"sizes":[]},"typography_line_height_tablet":{"unit":"px","size":50,"sizes":[]},"typography_line_height_mobile":{"unit":"px","size":"","sizes":[]}},"elements":[],"isInner":false,"widgetType":"heading","elType":"widget"},{"id":"3dc34137","settings":{"title":"Enjoy 20% Off","header_size":"h6","_css_classes":"fsp-spring-off","title_color":"#FFFFFF","typography_typography":"custom","typography_font_family":"Playfair Display","typography_font_size":{"unit":"px","size":25,"sizes":[]},"typography_font_weight":"700","typography_line_height":{"unit":"px","size":34,"sizes":[]},"_margin":{"unit":"px","top":"0","right":"0","bottom":"20","left":"295","isLinked":false},"_padding":{"unit":"px","top":"0","right":"40","bottom":"10","left":"40","isLinked":false},"_element_width":"auto","_border_width":{"unit":"px","top":"0","right":"0","bottom":"1","left":"0","isLinked":false},"_border_color":"#FFFFFF","_border_border":"solid"},"elements":[],"isInner":false,"widgetType":"heading","elType":"widget"},{"id":"7ae95abc","settings":{"editor":"Hello. spring' A time for growth. renewal. ond new beginnings. The\nworm sun and blooming flowers signal fresh start Let's chase our\nareorns and enjoy the and happiness of the season.","align":"center","typography_typography":"custom","typography_font_family":"Playfair Display","typography_font_size":{"unit":"px","size":22,"sizes":[]},"typography_font_weight":"700","typography_line_height":{"unit":"px","size":30,"sizes":[]},"text_color":"#FFFFFF"},"elements":[],"isInner":false,"widgetType":"text-editor","elType":"widget"}],"isInner":false,"elType":"column"},{"id":"2eab0f83","settings":{"_column_size":50,"_inline_size":null},"elements":[],"isInner":false,"elType":"column"}],"isInner":false,"elType":"section"},{"id":"e461014","settings":{"background_background":"classic","background_color":"#F4F2FF","border_radius":{"unit":"px","top":"46","right":"46","bottom":"46","left":"46","isLinked":true},"_title":"Video","margin":{"unit":"px","top":"100","right":0,"bottom":"0","left":0,"isLinked":false},"margin_mobile":{"unit":"px","top":"60","right":0,"bottom":"0","left":0,"isLinked":false}},"elements":[{"id":"3016cdc0","settings":{"_column_size":100,"_inline_size":null,"space_between_widgets":10,"padding":{"unit":"px","top":"20","right":"10","bottom":"20","left":"10","isLinked":false}},"elements":[{"id":"3357cdeb","settings":{"title":"Video","header_size":"h6","align":"center","title_color":"#7469B6","typography_typography":"custom","typography_font_family":"Montserrat","typography_font_size":{"unit":"px","size":16,"sizes":[]},"typography_font_weight":"600","typography_line_height":{"unit":"px","size":20,"sizes":[]}},"elements":[],"isInner":false,"widgetType":"heading","elType":"widget"},{"id":"7ea7089d","settings":{"title":"Visual Showcase","header_size":"h3","align":"center","title_color":"#AD88C6","typography_typography":"custom","typography_font_family":"Playfair Display","typography_font_size":{"unit":"px","size":25,"sizes":[]},"typography_font_weight":"700","typography_line_height":{"unit":"px","size":34,"sizes":[]}},"elements":[],"isInner":false,"widgetType":"heading","elType":"widget"}],"isInner":false,"elType":"column"}],"isInner":false,"elType":"section"},{"id":"7cd93c79","settings":{"content_width":{"unit":"px","size":1200,"sizes":[]},"padding":{"unit":"px","top":"50","right":"10","bottom":"50","left":"10","isLinked":false},"padding_mobile":{"unit":"px","top":"20","right":"10","bottom":"60","left":"10","isLinked":false}},"elements":[{"id":"7552aa70","settings":{"_column_size":100,"_inline_size":null},"elements":[{"id":"69b90d35","settings":{"youtube_url":"https:\/\/www.youtube.com\/watch?v=XHOmBV4js_E","vimeo_url":"https:\/\/vimeo.com\/235215203","dailymotion_url":"https:\/\/www.dailymotion.com\/video\/x6tqhqb","videopress_url":"https:\/\/videopress.com\/v\/ZCAOzTNk","show_image_overlay":"yes","image_overlay":{"id":162,"url":"http:\/\/localhost\/test2\/wp-content\/uploads\/2024\/05\/video-img-1-1-3-1-1.jpg"},"aspect_ratio":"219"},"elements":[],"isInner":false,"widgetType":"video","elType":"widget"}],"isInner":false,"elType":"column"}],"isInner":false,"elType":"section"},{"id":"2c627595","settings":{"background_background":"classic","background_color":"#F4F2FF","border_radius":{"unit":"px","top":"46","right":"46","bottom":"46","left":"46","isLinked":true},"_title":"Testimonials"},"elements":[{"id":"5592bf09","settings":{"_column_size":100,"_inline_size":null,"space_between_widgets":10,"padding":{"unit":"px","top":"20","right":"10","bottom":"20","left":"10","isLinked":false}},"elements":[{"id":"638e5cd9","settings":{"title":"Testimonials","header_size":"h6","align":"center","title_color":"#7469B6","typography_typography":"custom","typography_font_family":"Montserrat","typography_font_size":{"unit":"px","size":16,"sizes":[]},"typography_font_weight":"600","typography_line_height":{"unit":"px","size":20,"sizes":[]}},"elements":[],"isInner":false,"widgetType":"heading","elType":"widget"},{"id":"217bef1b","settings":{"title":"Customer reviews","header_size":"h3","align":"center","title_color":"#AD88C6","typography_typography":"custom","typography_font_family":"Playfair Display","typography_font_size":{"unit":"px","size":25,"sizes":[]},"typography_font_weight":"700","typography_line_height":{"unit":"px","size":34,"sizes":[]}},"elements":[],"isInner":false,"widgetType":"heading","elType":"widget"}],"isInner":false,"elType":"column"}],"isInner":false,"elType":"section"},{"id":"46525b91","settings":{"content_width":{"unit":"px","size":1430,"sizes":[]},"margin":{"unit":"px","top":"","right":0,"bottom":"","left":0,"isLinked":true},"padding":{"unit":"px","top":"90","right":"0","bottom":"90","left":"0","isLinked":false},"padding_mobile":{"unit":"px","top":"20","right":"0","bottom":"90","left":"0","isLinked":false}},"elements":[{"id":"2d001f57","settings":{"_column_size":100,"_inline_size":null,"padding_mobile":{"unit":"px","top":"10","right":"0","bottom":"10","left":"0","isLinked":false},"padding":{"unit":"px","top":"10","right":"0","bottom":"10","left":"0","isLinked":false}},"elements":[{"id":"3b699b56","settings":{"columns":"2","item_gap":{"unit":"px","size":0,"sizes":[]},"primary_thumbnail_size":"full","item_limit":{"unit":"px","size":4,"sizes":[]},"posts_source":"testimonial","show_title":"","excerpt_length":3000,"show_category":"","show_readmore":"","show_author":"","show_date":"","arrows_position":"bottom-center","nav_arrows_icon":"8","hide_arrow_on_mobile":"","direction":"vertical","vertical_height":{"unit":"px","size":600,"sizes":[]},"autoplay":"","slides_to_scroll":"1","arrows_color":"#B4B4B4","arrows_size":{"unit":"px","size":24,"sizes":[]},"arrows_space":{"unit":"px","size":15,"sizes":[]},"arrows_hover_color":"#000000","_css_classes":"fsp-verticle-slider","posts_post_type":"post","vertical_height_mobile":{"unit":"px","size":500,"sizes":[]}},"elements":[],"isInner":false,"widgetType":"ea-alex-carousel","elType":"widget"}],"isInner":false,"elType":"column"}],"isInner":false,"elType":"section"},{"id":"2deafab","settings":{"background_background":"classic","background_color":"#F4F2FF","border_radius":{"unit":"px","top":"46","right":"46","bottom":"46","left":"46","isLinked":true},"_title":"Blog"},"elements":[{"id":"146c2f42","settings":{"_column_size":100,"_inline_size":null,"space_between_widgets":10,"padding":{"unit":"px","top":"20","right":"10","bottom":"20","left":"10","isLinked":false}},"elements":[{"id":"24f576c3","settings":{"title":"Blog","header_size":"h6","align":"center","title_color":"#7469B6","typography_typography":"custom","typography_font_family":"Montserrat","typography_font_size":{"unit":"px","size":16,"sizes":[]},"typography_font_weight":"600","typography_line_height":{"unit":"px","size":20,"sizes":[]}},"elements":[],"isInner":false,"widgetType":"heading","elType":"widget"},{"id":"43ab9344","settings":{"title":"Article Posts","header_size":"h3","align":"center","title_color":"#AD88C6","typography_typography":"custom","typography_font_family":"Playfair Display","typography_font_size":{"unit":"px","size":25,"sizes":[]},"typography_font_weight":"700","typography_line_height":{"unit":"px","size":34,"sizes":[]}},"elements":[],"isInner":false,"widgetType":"heading","elType":"widget"}],"isInner":false,"elType":"column"}],"isInner":false,"elType":"section"},{"id":"600b9e8a","settings":{"content_width":{"unit":"px","size":1430,"sizes":[]},"margin":{"unit":"px","top":"","right":0,"bottom":"","left":0,"isLinked":true},"padding":{"unit":"px","top":"90","right":"10","bottom":"90","left":"10","isLinked":false},"z_index":9,"padding_mobile":{"unit":"px","top":"20","right":"10","bottom":"60","left":"10","isLinked":false}},"elements":[{"id":"67cf44c9","settings":{"_column_size":100,"_inline_size":null},"elements":[{"id":"704f07c3","settings":{"ekit_blog_posts_layout_style":"elementskit-post-image-card","ekit_blog_posts_feature_img_size_size":"full","ekit_blog_posts_column":"ekit-lg-3 ekit-md-6","ekit_blog_posts_read_more":"","ekit_blog_posts_num":4,"ekit_blog_posts_cats":["36","39","35","37","38"],"ekit_blog_posts_floating_date":"","ekit_blog_posts_floating_category":"","ekit_blog_posts_title_position":"after_content","ekit_blog_posts_meta_select":["author","date"],"ekit_blog_posts_meta_author_icons":{"value":"","library":""},"ekit_blog_posts_meta_date_icons":{"value":"","library":""},"ekit_blog_posts_btn_text":"Learn more ","ekit_blog_posts_content_trim":10,"ekit_blog_posts_background_background":"classic","ekit_blog_posts_background_color":"#02010100","ekit_blog_posts_radius":{"unit":"px","top":"46","right":"46","bottom":"46","left":"46","isLinked":true},"ekit_blog_posts_padding":{"unit":"px","top":"0","right":"0","bottom":"0","left":"0","isLinked":true},"ekit_blog_posts_margin":{"unit":"px","top":"0","right":"0","bottom":"0","left":"0","isLinked":true},"ekit_blog_posts_text_content_wraper_padding":{"unit":"px","top":"60","right":"20","bottom":"25","left":"20","isLinked":false},"ekit_blog_posts_content_background":"#F4F2FF","ekit_blog_posts_feature_img_radius":{"unit":"px","top":"46","right":"46","bottom":"46","left":"46","isLinked":true},"ekit_blog_posts_feature_img_margin":{"unit":"px","top":"0","right":"0","bottom":"0","left":"0","isLinked":false},"ekit_blog_posts_feature_img_padding":{"unit":"px","top":"0","right":"0","bottom":"0","left":"0","isLinked":true},"ekit_blog_posts_meta_margin":{"unit":"px","top":"0","right":"0","bottom":"0","left":"0","isLinked":true},"ekit_blog_posts_meta_color_normal":"#6F6F6F","ekit_blog_posts_floating_category_top_pos":{"unit":"%","size":100,"sizes":[]},"ekit_blog_posts_floating_category_top_pos_tablet":{"unit":"%","size":"","sizes":[]},"ekit_blog_posts_floating_category_top_pos_mobile":{"unit":"%","size":"","sizes":[]},"ekit_blog_posts_floating_category_color":"#6F6F6F","ekit_blog_posts_floating_category_bg_color":"#02010100","ekit_blog_posts_floating_category_padding":{"unit":"px","top":"0","right":"0","bottom":"0","left":"0","isLinked":true},"ekit_blog_posts_floating_category_padding_radius":{"unit":"px","top":"0","right":"0","bottom":"0","left":"0","isLinked":true},"ekit_blog_posts_title_typography_typography":"custom","ekit_blog_posts_title_typography_font_family":"Montserrat","ekit_blog_posts_title_typography_font_size":{"unit":"px","size":18,"sizes":[]},"ekit_blog_posts_title_typography_font_weight":"600","ekit_blog_posts_title_typography_line_height":{"unit":"px","size":24,"sizes":[]},"ekit_blog_posts_title_color":"#7469B6","ekit_blog_posts_title_alignment":"center","ekit_blog_posts_title_margin":{"unit":"px","top":"0","right":"0","bottom":"10","left":"0","isLinked":false},"ekit_blog_posts_content_color":"#7469B6","ekit_blog_posts_content_typography_typography":"custom","ekit_blog_posts_content_typography_font_family":"Montserrat","ekit_blog_posts_content_typography_font_size":{"unit":"px","size":16,"sizes":[]},"ekit_blog_posts_content_typography_font_weight":"400","ekit_blog_posts_content_typography_line_height":{"unit":"px","size":20,"sizes":[]},"ekit_blog_posts_content_alignment":"center","ekit_blog_posts_content_margin":{"unit":"px","top":"0","right":"0","bottom":"20","left":"0","isLinked":false},"_css_classes":"fsp-home-blog-sec","ekit_blog_posts_content_box_shadow_box_shadow_type":"yes","ekit_blog_posts_content_box_shadow_box_shadow":{"horizontal":0,"vertical":4,"blur":4,"spread":0,"color":"rgba(0, 0, 0, 0.25098039215686274)"},"ekit_blog_posts_meta_item_margin":{"unit":"px","top":"0","right":"0","bottom":"0","left":"0","isLinked":true}},"elements":[],"isInner":false,"widgetType":"elementskit-blog-posts","elType":"widget"}],"isInner":false,"elType":"column"}],"isInner":false,"elType":"section"},{"id":"4bd2d5c6","settings":{"_title":"scroll top"},"elements":[{"id":"79d8b2e0","settings":{"_column_size":100,"_inline_size":null,"align":"flex-end"},"elements":[{"id":"4ba54e72","settings":{"selected_icon":{"value":"fas fa-angle-double-up","library":"fa-solid"},"primary_color":"#FFFFFF","size":{"unit":"px","size":20,"sizes":[]},"_element_id":"return-to-top","hover_primary_color":"#000000","_flex_align_self":"","_flex_align_self_tablet":"","_flex_align_self_mobile":"","_flex_order":"","_flex_order_tablet":"","_flex_order_mobile":"","_flex_order_custom":"","_flex_order_custom_tablet":"","_flex_order_custom_mobile":"","_flex_size":"","_flex_size_tablet":"","_flex_size_mobile":"","_flex_grow":1,"_flex_grow_tablet":"","_flex_grow_mobile":"","_flex_shrink":1,"_flex_shrink_tablet":"","_flex_shrink_mobile":""},"elements":[],"isInner":false,"widgetType":"icon","elType":"widget"}],"isInner":false,"elType":"column"}],"isInner":false,"elType":"section"}],"page_settings":[],"version":"0.4","title":"fsp-home-18-may","type":"page"}