{"content":[{"id":"14d5500c","settings":{"content_width":{"unit":"px","size":1410,"sizes":[]},"height":"min-height","background_background":"classic","background_image":{"id":"396","url":"http:\/\/localhost\/test2\/wp-content\/uploads\/2024\/05\/hero-banner-scaled-1.jpg"},"background_position":"center center","background_repeat":"no-repeat","background_size":"cover","background_overlay_background":"gradient","background_overlay_color":"#000000DE","background_overlay_color_b":"#00000000","background_overlay_opacity":{"unit":"px","size":1,"sizes":[]},"border_radius":{"unit":"px","top":"20","right":"20","bottom":"20","left":"20","isLinked":true},"padding":{"unit":"px","top":"10","right":"10","bottom":"10","left":"10","isLinked":true},"background_overlay_color_b_stop":{"unit":"%","size":55,"sizes":[]}},"elements":[{"id":"73346121","settings":{"_column_size":100,"_inline_size":null},"elements":[{"id":"5d9b525c","settings":{"title":"No Return & Exchange","header_size":"h1","align":"center","title_color":"#FFFFFF","typography_typography":"custom","typography_font_family":"Playfair Display","typography_font_size":{"unit":"px","size":58,"sizes":[]},"typography_font_weight":"700","typography_line_height":{"unit":"px","size":77,"sizes":[]},"typography_font_size_mobile":{"unit":"px","size":42,"sizes":[]},"typography_line_height_mobile":{"unit":"px","size":50,"sizes":[]}},"elements":[],"isInner":false,"widgetType":"heading","elType":"widget"}],"isInner":false,"elType":"column"}],"isInner":false,"elType":"section"},{"id":"3ec8c1f2","settings":{"content_width":{"unit":"px","size":1410,"sizes":[]},"structure":"20","padding":{"unit":"px","top":"90","right":"10","bottom":"90","left":"10","isLinked":false},"gap":"no","padding_tablet":{"unit":"px","top":"60","right":"10","bottom":"60","left":"10","isLinked":false},"padding_mobile":{"unit":"px","top":"40","right":"10","bottom":"40","left":"10","isLinked":false}},"elements":[{"id":"6533b1c0","settings":{"_column_size":50,"_inline_size":null,"space_between_widgets":0,"z_index":2,"_inline_size_tablet":100,"padding_tablet":{"unit":"px","top":"10","right":"10","bottom":"0","left":"10","isLinked":false}},"elements":[{"id":"39e837ac","settings":{"layout":"full_width","gap":"no","structure":"20"},"elements":[{"id":"12c6ac64","settings":{"_column_size":50,"_inline_size":null,"content_position_tablet":"center","padding":{"unit":"px","top":"0","right":"10","bottom":"0","left":"0","isLinked":false},"padding_mobile":{"unit":"px","top":"0","right":"0","bottom":"20","left":"0","isLinked":false}},"elements":[{"id":"48b53516","settings":{"title":"Returns","header_size":"h6","title_color":"#7469B6","typography_typography":"custom","typography_font_family":"Playfair Display","typography_font_size":{"unit":"px","size":22,"sizes":[]},"typography_font_weight":"600","typography_line_height":{"unit":"px","size":30,"sizes":[]},"align":"right","align_mobile":"center"},"elements":[],"isInner":false,"widgetType":"heading","elType":"widget"},{"id":"666cac0a","settings":{"editor":"If you're not completely satisfied with your purchase, we offer a straightforward returns policy for your peace of mind. Simply return any unused or undamaged items within 14 days of receipt for a full refund. Contact our customer service team to obtain a return authorization number and ship the item back to us in its original packaging. Once received and inspected, we'll process your refund promptly.","text_color":"#6F6F6F","typography_typography":"custom","typography_font_family":"Montserrat","typography_font_size":{"unit":"px","size":16,"sizes":[]},"typography_font_weight":"400","typography_line_height":{"unit":"px","size":20,"sizes":[]},"_element_custom_width":{"unit":"px","size":603,"sizes":[]},"align":"right","align_mobile":"center"},"elements":[],"isInner":false,"widgetType":"text-editor","elType":"widget"}],"isInner":true,"elType":"column"},{"id":"675dafa9","settings":{"_column_size":50,"_inline_size":null},"elements":[{"id":"789f0400","settings":{"image":{"id":618,"url":"http:\/\/localhost\/test2\/wp-content\/uploads\/2024\/05\/returns.jpg"},"image_size":"full","align_tablet":"center","width_tablet":{"unit":"%","size":100,"sizes":[]}},"elements":[],"isInner":false,"widgetType":"image","elType":"widget"}],"isInner":true,"elType":"column"}],"isInner":true,"elType":"section"}],"isInner":false,"elType":"column"},{"id":"63e007f4","settings":{"_column_size":50,"_inline_size":null,"margin":{"unit":"px","top":"0","right":"0","bottom":"0","left":"-50","isLinked":false},"padding":{"unit":"px","top":"50","right":"0","bottom":"0","left":"0","isLinked":false},"_inline_size_tablet":100,"margin_tablet":{"unit":"px","top":"0","right":"0","bottom":"0","left":"0","isLinked":false},"padding_tablet":{"unit":"px","top":"0","right":"10","bottom":"10","left":"10","isLinked":false},"padding_mobile":{"unit":"px","top":"50","right":"10","bottom":"10","left":"10","isLinked":false}},"elements":[{"id":"4bfb5aae","settings":{"layout":"full_width","gap":"no","structure":"20","reverse_order_mobile":"reverse-mobile"},"elements":[{"id":"5633f4b4","settings":{"_column_size":50,"_inline_size":null},"elements":[{"id":"79f8d462","settings":{"image":{"id":619,"url":"http:\/\/localhost\/test2\/wp-content\/uploads\/2024\/05\/exchanges.jpg"},"image_size":"full","align_tablet":"center","width_tablet":{"unit":"%","size":100,"sizes":[]}},"elements":[],"isInner":false,"widgetType":"image","elType":"widget"}],"isInner":true,"elType":"column"},{"id":"3468a95f","settings":{"_column_size":50,"_inline_size":null,"content_position_tablet":"center","padding":{"unit":"px","top":"0","right":"0","bottom":"0","left":"10","isLinked":false},"padding_mobile":{"unit":"px","top":"0","right":"0","bottom":"20","left":"0","isLinked":false}},"elements":[{"id":"1d7b8296","settings":{"title":"Exchanges","header_size":"h6","title_color":"#7469B6","typography_typography":"custom","typography_font_family":"Playfair Display","typography_font_size":{"unit":"px","size":22,"sizes":[]},"typography_font_weight":"600","typography_line_height":{"unit":"px","size":30,"sizes":[]},"align_mobile":"center"},"elements":[],"isInner":false,"widgetType":"heading","elType":"widget"},{"id":"1e03bf57","settings":{"editor":"Need a different size or color? No problem! We're happy to assist you with exchanges. Contact our customer service team to request an exchange, and we'll do our best to accommodate your needs. Return the item in its original packaging within 14 days of receipt, and once received, we'll ship out the replacement item promptly.","text_color":"#6F6F6F","typography_typography":"custom","typography_font_family":"Montserrat","typography_font_size":{"unit":"px","size":16,"sizes":[]},"typography_font_weight":"400","typography_line_height":{"unit":"px","size":20,"sizes":[]},"_element_custom_width":{"unit":"px","size":603,"sizes":[]},"align_mobile":"center"},"elements":[],"isInner":false,"widgetType":"text-editor","elType":"widget"}],"isInner":true,"elType":"column"}],"isInner":true,"elType":"section"}],"isInner":false,"elType":"column"}],"isInner":false,"elType":"section"},{"id":"32c1762f","settings":{"background_background":"classic","background_color":"#F4F2FF","border_radius":{"unit":"px","top":"46","right":"46","bottom":"46","left":"46","isLinked":true},"_title":"Shop","margin":{"unit":"px","top":"","right":0,"bottom":"","left":0,"isLinked":true}},"elements":[{"id":"23d1e1b7","settings":{"_column_size":100,"_inline_size":null,"space_between_widgets":10,"padding":{"unit":"px","top":"20","right":"10","bottom":"20","left":"10","isLinked":false}},"elements":[{"id":"7aadf9f7","settings":{"title":"Content Hub","header_size":"h6","align":"center","title_color":"#7469B6","typography_typography":"custom","typography_font_family":"Montserrat","typography_font_size":{"unit":"px","size":16,"sizes":[]},"typography_font_weight":"600","typography_line_height":{"unit":"px","size":20,"sizes":[]}},"elements":[],"isInner":false,"widgetType":"heading","elType":"widget"},{"id":"30b231fa","settings":{"title":"Insights","header_size":"h3","align":"center","title_color":"#AD88C6","typography_typography":"custom","typography_font_family":"Playfair Display","typography_font_size":{"unit":"px","size":25,"sizes":[]},"typography_font_weight":"700","typography_line_height":{"unit":"px","size":34,"sizes":[]}},"elements":[],"isInner":false,"widgetType":"heading","elType":"widget"}],"isInner":false,"elType":"column"}],"isInner":false,"elType":"section"},{"id":"417fdfcf","settings":{"content_width":{"unit":"px","size":1410,"sizes":[]},"padding":{"unit":"px","top":"50","right":"10","bottom":"90","left":"10","isLinked":false},"padding_tablet":{"unit":"px","top":"50","right":"10","bottom":"60","left":"10","isLinked":false},"padding_mobile":{"unit":"px","top":"20","right":"10","bottom":"40","left":"10","isLinked":false}},"elements":[{"id":"448e86c6","settings":{"_column_size":100,"_inline_size":null},"elements":[{"id":"1880456c","settings":{"layout":"full_width","gap":"no"},"elements":[{"id":"68f5b4d7","settings":{"_column_size":100,"_inline_size":null,"border_border":"solid","border_width":{"unit":"px","top":"0","right":"0","bottom":"1","left":"0","isLinked":false},"border_color":"#AD88C6","padding":{"unit":"px","top":"20","right":"10","bottom":"20","left":"10","isLinked":false}},"elements":[{"id":"1f24d72b","settings":{"editor":"At Blossom Heaven, we strive to provide our customers with the highest quality products and services. Due to the nature of our business and the perishable nature of our products, we have implemented a strict No Return and No Exchange Policy. Please read the following guidelines carefully before making a purchase:","text_color":"#6F6F6F","typography_typography":"custom","typography_font_family":"Montserrat","typography_font_size":{"unit":"px","size":16,"sizes":[]},"typography_font_weight":"500","typography_line_height":{"unit":"px","size":20,"sizes":[]},"_element_custom_width":{"unit":"px","size":603,"sizes":[]},"align":"justify"},"elements":[],"isInner":false,"widgetType":"text-editor","elType":"widget"}],"isInner":true,"elType":"column"}],"isInner":true,"elType":"section"},{"id":"508e2cef","settings":{"layout":"full_width","gap":"no"},"elements":[{"id":"5c64f8a5","settings":{"_column_size":100,"_inline_size":null,"space_between_widgets":15,"border_border":"solid","border_width":{"unit":"px","top":"0","right":"0","bottom":"1","left":"0","isLinked":false},"border_color":"#AD88C6","padding":{"unit":"px","top":"20","right":"10","bottom":"20","left":"10","isLinked":false}},"elements":[{"id":"2f2dbf08","settings":{"title":"Perishable Nature of Products:","header_size":"h6","title_color":"#7469B6","typography_typography":"custom","typography_font_family":"Playfair Display","typography_font_size":{"unit":"px","size":22,"sizes":[]},"typography_font_weight":"600","typography_line_height":{"unit":"px","size":30,"sizes":[]},"align":"left"},"elements":[],"isInner":false,"widgetType":"heading","elType":"widget"},{"id":"14abcd71","settings":{"editor":"Our commitment to providing our customers with the highest quality products extends to our policy regarding the return and exchange of perishable items, such as fresh flowers and floral arrangements. These delicate products have a limited shelf life and are susceptible to changes in temperature, handling, and environmental factors. Once delivered, they cannot be returned or exchanged due to hygiene and safety reasons.\nThe perishable nature of fresh flowers means that they begin to deteriorate shortly after being cut and arranged. Factors such as exposure to sunlight, temperature fluctuations, and handling during transportation can accelerate this process. As a result, once a floral arrangement leaves our premises and is delivered to the customer, we are unable to guarantee its freshness and quality upon return.","text_color":"#6F6F6F","typography_typography":"custom","typography_font_family":"Montserrat","typography_font_size":{"unit":"px","size":16,"sizes":[]},"typography_font_weight":"500","typography_line_height":{"unit":"px","size":20,"sizes":[]},"_element_custom_width":{"unit":"px","size":603,"sizes":[]},"align":"justify"},"elements":[],"isInner":false,"widgetType":"text-editor","elType":"widget"}],"isInner":true,"elType":"column"}],"isInner":true,"elType":"section"},{"id":"1208478a","settings":{"layout":"full_width","gap":"no"},"elements":[{"id":"18a959","settings":{"_column_size":100,"_inline_size":null,"space_between_widgets":15,"border_border":"solid","border_width":{"unit":"px","top":"0","right":"0","bottom":"1","left":"0","isLinked":false},"border_color":"#AD88C6","padding":{"unit":"px","top":"20","right":"10","bottom":"20","left":"10","isLinked":false}},"elements":[{"id":"289854c2","settings":{"title":"Custom-Made Orders:","header_size":"h6","title_color":"#7469B6","typography_typography":"custom","typography_font_family":"Playfair Display","typography_font_size":{"unit":"px","size":22,"sizes":[]},"typography_font_weight":"600","typography_line_height":{"unit":"px","size":30,"sizes":[]},"align":"left"},"elements":[],"isInner":false,"widgetType":"heading","elType":"widget"},{"id":"217e298c","settings":{"editor":"Custom-made or personalized products hold a unique significance as they are meticulously crafted to align with individual preferences and specifications. These bespoke creations often involve a collaborative process between the customer and the artisan, where every detail is carefully considered to reflect the customer's vision and personal style. Whether it's a custom-designed floral arrangement, engraved jewelry piece, or tailored garment, these items are imbued with sentimental value and hold a special place in the hearts of their recipients. Due to the personalized nature of these products, they cannot be returned or exchanged unless they arrive damaged or defective, as they are uniquely tailored to meet the specific needs and desires of the customer.","text_color":"#6F6F6F","typography_typography":"custom","typography_font_family":"Montserrat","typography_font_size":{"unit":"px","size":16,"sizes":[]},"typography_font_weight":"500","typography_line_height":{"unit":"px","size":20,"sizes":[]},"_element_custom_width":{"unit":"px","size":603,"sizes":[]},"align":"justify"},"elements":[],"isInner":false,"widgetType":"text-editor","elType":"widget"}],"isInner":true,"elType":"column"}],"isInner":true,"elType":"section"},{"id":"50b726e6","settings":{"layout":"full_width","gap":"no"},"elements":[{"id":"db3e654","settings":{"_column_size":100,"_inline_size":null,"space_between_widgets":15,"border_border":"solid","border_width":{"unit":"px","top":"0","right":"0","bottom":"1","left":"0","isLinked":false},"border_color":"#AD88C6","padding":{"unit":"px","top":"20","right":"10","bottom":"20","left":"10","isLinked":false}},"elements":[{"id":"4071ac10","settings":{"title":"Quality Assurance:","header_size":"h6","title_color":"#7469B6","typography_typography":"custom","typography_font_family":"Playfair Display","typography_font_size":{"unit":"px","size":22,"sizes":[]},"typography_font_weight":"600","typography_line_height":{"unit":"px","size":30,"sizes":[]},"align":"left"},"elements":[],"isInner":false,"widgetType":"heading","elType":"widget"},{"id":"469c9e71","settings":{"editor":"At Blossom Heaven, our commitment to quality is paramount, and we go to great lengths to uphold the highest standards in every product we offer. From the selection of materials to the manufacturing process, each step is meticulously executed to ensure that our products meet and exceed our strict quality standards. Despite our best efforts, we understand that unforeseen circumstances may arise, leading to the receipt of a damaged or defective item. In such instances, we want our customers to rest assured that their satisfaction is our top priority, and we are here to provide prompt assistance and resolution.\nShould you receive a damaged or defective item, we urge you to reach out to our dedicated customer service team immediately for swift assistance. Our team is well-equipped to handle such situations with care and efficiency, and we will work tirelessly to address your concerns and provide a satisfactory resolution. Whether it involves arranging for a replacement, issuing a refund, or offering alternative solutions, we are committed to ensuring that you receive the support and assistance you need to resolve the issue swiftly and seamlessly. Your satisfaction is our utmost priority, and we are here to support you every step of the way.","text_color":"#6F6F6F","typography_typography":"custom","typography_font_family":"Montserrat","typography_font_size":{"unit":"px","size":16,"sizes":[]},"typography_font_weight":"500","typography_line_height":{"unit":"px","size":20,"sizes":[]},"_element_custom_width":{"unit":"px","size":603,"sizes":[]},"align":"justify"},"elements":[],"isInner":false,"widgetType":"text-editor","elType":"widget"}],"isInner":true,"elType":"column"}],"isInner":true,"elType":"section"},{"id":"22f37cc6","settings":{"layout":"full_width","gap":"no"},"elements":[{"id":"748e46fc","settings":{"_column_size":100,"_inline_size":null,"space_between_widgets":15,"border_border":"solid","border_width":{"unit":"px","top":"0","right":"0","bottom":"1","left":"0","isLinked":false},"border_color":"#AD88C6","padding":{"unit":"px","top":"20","right":"10","bottom":"20","left":"10","isLinked":false}},"elements":[{"id":"141c2d91","settings":{"title":"Cancellation Policy","header_size":"h6","title_color":"#7469B6","typography_typography":"custom","typography_font_family":"Playfair Display","typography_font_size":{"unit":"px","size":22,"sizes":[]},"typography_font_weight":"600","typography_line_height":{"unit":"px","size":30,"sizes":[]},"align":"left"},"elements":[],"isInner":false,"widgetType":"heading","elType":"widget"},{"id":"338c45b2","settings":{"editor":"Once an order has been processed and dispatched for delivery, we regret to inform you that it cannot be canceled or modified. This is due to the nature of our operations, where orders are swiftly processed and prepared for shipment to ensure timely delivery to our customers. Therefore, it is imperative that customers carefully review their order details, including product selections, quantities, and shipping information, before proceeding with the purchase. By double-checking these details prior to completing the transaction, customers can help minimize the risk of errors or discrepancies that may arise.\nWe understand that circumstances may change, and customers may have reasons for wanting to cancel or modify their orders. However, once an order has entered the processing and dispatch stage, it becomes logistically challenging to make any changes without disrupting the efficient flow of our operations. As such, we kindly request customers to exercise diligence and attention to detail when placing their orders to avoid any inconvenience or disappointment. Should you have any questions or concerns regarding your order, please don't hesitate to contact our customer service team for assistance, and we will do our best to accommodate your needs within the constraints of our policies and procedures.","text_color":"#6F6F6F","typography_typography":"custom","typography_font_family":"Montserrat","typography_font_size":{"unit":"px","size":16,"sizes":[]},"typography_font_weight":"500","typography_line_height":{"unit":"px","size":20,"sizes":[]},"_element_custom_width":{"unit":"px","size":603,"sizes":[]},"align":"justify"},"elements":[],"isInner":false,"widgetType":"text-editor","elType":"widget"}],"isInner":true,"elType":"column"}],"isInner":true,"elType":"section"}],"isInner":false,"elType":"column"}],"isInner":false,"elType":"section"}],"page_settings":[],"version":"0.4","title":"fsp-no-return-4-may","type":"page"}