{"content":[{"id":"51381de0","settings":{"content_width":{"unit":"px","size":1410,"sizes":[]},"height":"min-height","background_background":"classic","background_image":{"id":"396","url":"http:\/\/localhost\/test2\/wp-content\/uploads\/2024\/05\/hero-banner-scaled-1.jpg"},"background_position":"center center","background_repeat":"no-repeat","background_size":"cover","background_overlay_background":"gradient","background_overlay_color":"#000000DE","background_overlay_color_b":"#00000000","background_overlay_opacity":{"unit":"px","size":1,"sizes":[]},"border_radius":{"unit":"px","top":"20","right":"20","bottom":"20","left":"20","isLinked":true},"padding":{"unit":"px","top":"10","right":"10","bottom":"10","left":"10","isLinked":true},"background_overlay_color_b_stop":{"unit":"%","size":55,"sizes":[]}},"elements":[{"id":"1896206c","settings":{"_column_size":100,"_inline_size":null},"elements":[{"id":"29bd40b5","settings":{"title":"Blog","header_size":"h1","align":"center","title_color":"#FFFFFF","typography_typography":"custom","typography_font_family":"Playfair Display","typography_font_size":{"unit":"px","size":58,"sizes":[]},"typography_font_weight":"700","typography_line_height":{"unit":"px","size":77,"sizes":[]},"typography_font_size_mobile":{"unit":"px","size":42,"sizes":[]},"typography_line_height_mobile":{"unit":"px","size":50,"sizes":[]}},"elements":[],"isInner":false,"widgetType":"heading","elType":"widget"}],"isInner":false,"elType":"column"}],"isInner":false,"elType":"section"},{"id":"57eced9","settings":{"background_background":"classic","background_color":"#F4F2FF","border_radius":{"unit":"px","top":"46","right":"46","bottom":"46","left":"46","isLinked":true},"_title":"Shop","margin":{"unit":"px","top":"30","right":0,"bottom":"50","left":0,"isLinked":false}},"elements":[{"id":"1217f7bb","settings":{"_column_size":100,"_inline_size":null,"space_between_widgets":10,"padding":{"unit":"px","top":"20","right":"10","bottom":"20","left":"10","isLinked":false}},"elements":[{"id":"16b47ba4","settings":{"title":"Content Hub","header_size":"h6","align":"center","title_color":"#7469B6","typography_typography":"custom","typography_font_family":"Montserrat","typography_font_size":{"unit":"px","size":16,"sizes":[]},"typography_font_weight":"600","typography_line_height":{"unit":"px","size":20,"sizes":[]}},"elements":[],"isInner":false,"widgetType":"heading","elType":"widget"},{"id":"181c1f40","settings":{"title":"Insights","header_size":"h3","align":"center","title_color":"#AD88C6","typography_typography":"custom","typography_font_family":"Playfair Display","typography_font_size":{"unit":"px","size":25,"sizes":[]},"typography_font_weight":"700","typography_line_height":{"unit":"px","size":34,"sizes":[]}},"elements":[],"isInner":false,"widgetType":"heading","elType":"widget"}],"isInner":false,"elType":"column"}],"isInner":false,"elType":"section"},{"id":"1fc0a375","settings":{"content_width":{"unit":"px","size":1410,"sizes":[]},"structure":"22","padding":{"unit":"px","top":"10","right":"10","bottom":"90","left":"10","isLinked":false}},"elements":[{"id":"764701f","settings":{"_column_size":66,"_inline_size":null,"_inline_size_tablet":100},"elements":[{"id":"739a5c0b","settings":{"primary_thumbnail_size":"full","show_excerpt":"","show_readmore":"","show_comments":"","show_pagination":"yes","title_typography_typography":"custom","title_typography_font_family":"Playfair Display","title_typography_font_size":{"unit":"px","size":18,"sizes":[]},"title_typography_font_weight":"600","title_typography_line_height":{"unit":"px","size":24,"sizes":[]},"title_color":"#7469B6","meta_color":"#7469B6","meta_typography_typography":"custom","meta_typography_font_family":"Montserrat","meta_typography_font_size":{"unit":"px","size":16,"sizes":[]},"meta_typography_font_weight":"400","meta_typography_text_transform":"capitalize","meta_typography_line_height":{"unit":"px","size":20,"sizes":[]},"category_color":"#818181","category_typography_typography":"custom","category_typography_font_family":"Montserrat","category_typography_font_size":{"unit":"px","size":16,"sizes":[]},"category_typography_font_weight":"400","category_typography_text_transform":"capitalize","category_typography_line_height":{"unit":"px","size":20,"sizes":[]},"pagination_color":"#1D1D1D","pagination_border_border":"solid","pagination_border_width":{"unit":"px","top":"1","right":"1","bottom":"1","left":"1","isLinked":true},"pagination_border_color":"#7469B6","pagination_padding":{"unit":"px","top":"10","right":"14","bottom":"10","left":"14","isLinked":false},"pagination_radius":{"unit":"px","top":"7","right":"7","bottom":"7","left":"7","isLinked":true},"pagination_typography_typography":"custom","pagination_typography_font_family":"Montserrat","pagination_typography_font_size":{"unit":"px","size":18,"sizes":[]},"pagination_typography_line_height":{"unit":"px","size":22,"sizes":[]},"pagination_hover_color":"#FFFFFF","pagination_hover_border_color":"#7469B6","pagination_hover_background_background":"classic","pagination_hover_background_color":"#7469B6","pagination_active_color":"#FFFFFF","pagination_active_background_background":"classic","pagination_active_background_color":"#7469B6","_css_classes":"blog-sec","columns":"2","posts_post_type":"post"},"elements":[],"isInner":false,"widgetType":"ea-amox-grid","elType":"widget"}],"isInner":false,"elType":"column"},{"id":"45563dd3","settings":{"_column_size":33,"_inline_size":null,"space_between_widgets":50,"padding":{"unit":"px","top":"10","right":"10","bottom":"10","left":"50","isLinked":false},"_inline_size_tablet":100,"padding_tablet":{"unit":"px","top":"50","right":"10","bottom":"10","left":"10","isLinked":false}},"elements":[{"id":"5752cd26","settings":{"sidebar":"sidebar-left","_css_classes":"fsp-blog-search"},"elements":[],"isInner":false,"widgetType":"sidebar","elType":"widget"},{"id":"6bdfeee4","settings":{"layout":"full_width","gap":"no","height_inner":"min-height","custom_height_inner":{"unit":"px","size":350,"sizes":[]},"background_background":"classic","background_image":{"url":"","id":"","size":"","alt":"","source":"library"},"background_position":"center center","background_repeat":"no-repeat","background_size":"cover","background_overlay_background":"classic","background_overlay_opacity":{"unit":"px","size":1,"sizes":[]},"padding":{"unit":"px","top":"0","right":"0","bottom":"50","left":"0","isLinked":false}},"elements":[{"id":"7342de60","settings":{"_column_size":100,"_inline_size":null,"background_background":"classic","box_shadow_box_shadow_type":"yes","box_shadow_box_shadow":{"horizontal":0,"vertical":4,"blur":11,"spread":0,"color":"rgba(0, 0, 0, 0.25098039215686274)"},"css_classes":"fsp-sidebar","content_position":"center","align":"center","space_between_widgets":10,"background_image":{"id":481,"url":"http:\/\/localhost\/test2\/wp-content\/uploads\/2024\/05\/sidebar-img.jpg"},"background_position":"center center","background_repeat":"no-repeat","background_size":"cover","background_overlay_background":"classic","background_overlay_opacity":{"unit":"px","size":1,"sizes":[]},"border_radius":{"unit":"px","top":"27","right":"27","bottom":"27","left":"27","isLinked":true},"padding":{"unit":"px","top":"20","right":"20","bottom":"20","left":"20","isLinked":true}},"elements":[{"id":"2ac2f47f","settings":{"title":"40% OFF","header_size":"h5","align":"center","title_color":"#FFFFFF","typography_typography":"custom","typography_font_family":"Playfair Display","typography_font_size":{"unit":"px","size":35,"sizes":[]},"typography_font_weight":"600","typography_line_height":{"unit":"em","size":1.3,"sizes":[]}},"elements":[],"isInner":false,"widgetType":"heading","elType":"widget"},{"id":"66d8e0b2","settings":{"editor":"Indulge in a floral paradise where every bloom tells a story, explore our shop page for a delightful array of handcrafted arrangements and gifts.","align":"center","text_color":"#FFFFFF","typography_typography":"custom","typography_font_family":"Montserrat","typography_font_size":{"unit":"px","size":18,"sizes":[]},"typography_font_weight":"400","typography_line_height":{"unit":"px","size":22,"sizes":[]},"_margin":{"unit":"px","top":"0","right":"0","bottom":"10","left":"0","isLinked":false},"_element_width":"initial","_element_custom_width":{"unit":"px","size":300,"sizes":[]}},"elements":[],"isInner":false,"widgetType":"text-editor","elType":"widget"},{"id":"4764e684","settings":{"text":"Shop Now","align":"center","typography_typography":"custom","typography_font_family":"Montserrat","typography_font_size":{"unit":"px","size":18,"sizes":[]},"typography_font_weight":"600","typography_line_height":{"unit":"px","size":24,"sizes":[]},"button_text_color":"#0B2B26","background_color":"#FFFFFF","border_border":"solid","border_width":{"unit":"px","top":"1","right":"1","bottom":"1","left":"1","isLinked":true},"border_color":"#0B2B26","border_radius":{"unit":"px","top":"7","right":"7","bottom":"7","left":"7","isLinked":true},"text_padding":{"unit":"px","top":"8","right":"20","bottom":"8","left":"20","isLinked":false}},"elements":[],"isInner":false,"widgetType":"button","elType":"widget"}],"isInner":true,"elType":"column"}],"isInner":true,"elType":"section"},{"id":"63860e99","settings":{"sidebar":"sidebar-1","_padding":{"unit":"px","top":"40","right":"20","bottom":"40","left":"20","isLinked":false},"_css_classes":"fsp-sidebar-category","_border_radius":{"unit":"px","top":"27","right":"27","bottom":"27","left":"27","isLinked":true},"_box_shadow_box_shadow_type":"yes","_box_shadow_box_shadow":{"horizontal":0,"vertical":4,"blur":10,"spread":0,"color":"rgba(0, 0, 0, 0.25098039215686274)"}},"elements":[],"isInner":false,"widgetType":"sidebar","elType":"widget"}],"isInner":false,"elType":"column"}],"isInner":false,"elType":"section"}],"page_settings":[],"version":"0.4","title":"fsp-side-blog-4-may","type":"page"}