{"content":[{"id":"37abe9f3","settings":{"content_width":{"unit":"px","size":1410,"sizes":[]},"height":"min-height","background_background":"classic","background_image":{"id":"169","url":"http:\/\/localhost\/test2\/wp-content\/uploads\/2024\/05\/hero-banner-scaled-1-2-1.jpg"},"background_position":"center center","background_repeat":"no-repeat","background_size":"cover","background_overlay_background":"gradient","background_overlay_color":"#000000DE","background_overlay_color_b":"#00000000","background_overlay_opacity":{"unit":"px","size":1,"sizes":[]},"border_radius":{"unit":"px","top":"20","right":"20","bottom":"20","left":"20","isLinked":true},"padding":{"unit":"px","top":"10","right":"10","bottom":"10","left":"10","isLinked":true},"background_overlay_color_b_stop":{"unit":"%","size":55,"sizes":[]}},"elements":[{"id":"253bcf86","settings":{"_column_size":100,"_inline_size":null},"elements":[{"id":"43d7ac40","settings":{"title":"FAQ","header_size":"h1","align":"center","title_color":"#FFFFFF","typography_typography":"custom","typography_font_family":"Playfair Display","typography_font_size":{"unit":"px","size":58,"sizes":[]},"typography_font_weight":"700","typography_line_height":{"unit":"px","size":77,"sizes":[]},"typography_font_size_mobile":{"unit":"px","size":42,"sizes":[]},"typography_line_height_mobile":{"unit":"px","size":50,"sizes":[]}},"elements":[],"isInner":false,"widgetType":"heading","elType":"widget"}],"isInner":false,"elType":"column"}],"isInner":false,"elType":"section"},{"id":"4d916939","settings":{"content_width":{"unit":"px","size":1410,"sizes":[]},"padding":{"unit":"px","top":"90","right":"10","bottom":"90","left":"10","isLinked":false},"padding_tablet":{"unit":"px","top":"60","right":"10","bottom":"60","left":"10","isLinked":false},"padding_mobile":{"unit":"px","top":"40","right":"10","bottom":"40","left":"10","isLinked":false},"css_classes":"fsp-search-faq-sec"},"elements":[{"id":"621f6fb4","settings":{"_column_size":100,"_inline_size":null},"elements":[{"id":"f38e538","settings":{"shortcode":"[helpie_faq]"},"elements":[],"isInner":false,"widgetType":"shortcode","elType":"widget"}],"isInner":false,"elType":"column"}],"isInner":false,"elType":"section"}],"page_settings":[],"version":"0.4","title":"fsp-faq-18-may","type":"page"}