{"content":[{"id":"3ab2f398","settings":{"content_width":{"unit":"px","size":1410,"sizes":[]},"height":"min-height","background_background":"classic","background_image":{"id":"396","url":"http:\/\/localhost\/test2\/wp-content\/uploads\/2024\/05\/hero-banner-scaled-1.jpg"},"background_position":"center center","background_repeat":"no-repeat","background_size":"cover","background_overlay_background":"gradient","background_overlay_color":"#000000DE","background_overlay_color_b":"#00000000","background_overlay_opacity":{"unit":"px","size":1,"sizes":[]},"border_radius":{"unit":"px","top":"20","right":"20","bottom":"20","left":"20","isLinked":true},"padding":{"unit":"px","top":"10","right":"10","bottom":"10","left":"10","isLinked":true},"background_overlay_color_b_stop":{"unit":"%","size":55,"sizes":[]}},"elements":[{"id":"382a488d","settings":{"_column_size":100,"_inline_size":null},"elements":[{"id":"4e3bdb81","settings":{"title":"Terms & Conditions","header_size":"h1","align":"center","title_color":"#FFFFFF","typography_typography":"custom","typography_font_family":"Playfair Display","typography_font_size":{"unit":"px","size":58,"sizes":[]},"typography_font_weight":"700","typography_line_height":{"unit":"px","size":77,"sizes":[]},"typography_font_size_mobile":{"unit":"px","size":42,"sizes":[]},"typography_line_height_mobile":{"unit":"px","size":50,"sizes":[]}},"elements":[],"isInner":false,"widgetType":"heading","elType":"widget"}],"isInner":false,"elType":"column"}],"isInner":false,"elType":"section"},{"id":"79be3cf3","settings":{"content_width":{"unit":"px","size":1410,"sizes":[]},"structure":"20","padding":{"unit":"px","top":"90","right":"10","bottom":"90","left":"10","isLinked":false},"gap":"no","padding_tablet":{"unit":"px","top":"60","right":"10","bottom":"60","left":"10","isLinked":false},"padding_mobile":{"unit":"px","top":"40","right":"10","bottom":"40","left":"10","isLinked":false}},"elements":[{"id":"1a523587","settings":{"_column_size":50,"_inline_size":null,"space_between_widgets":0,"z_index":2,"_inline_size_tablet":100,"padding_tablet":{"unit":"px","top":"10","right":"10","bottom":"0","left":"10","isLinked":false}},"elements":[{"id":"7c1a2634","settings":{"layout":"full_width","gap":"no","structure":"20"},"elements":[{"id":"63af161f","settings":{"_column_size":50,"_inline_size":null,"content_position_tablet":"center","padding":{"unit":"px","top":"0","right":"10","bottom":"0","left":"0","isLinked":false},"padding_mobile":{"unit":"px","top":"0","right":"0","bottom":"20","left":"0","isLinked":false}},"elements":[{"id":"1a7548a9","settings":{"title":"Terms","header_size":"h6","title_color":"#7469B6","typography_typography":"custom","typography_font_family":"Playfair Display","typography_font_size":{"unit":"px","size":22,"sizes":[]},"typography_font_weight":"600","typography_line_height":{"unit":"px","size":30,"sizes":[]},"align":"right","align_mobile":"center"},"elements":[],"isInner":false,"widgetType":"heading","elType":"widget"},{"id":"27e94c3f","settings":{"editor":"Our terms outline the rules and regulations governing the use of our website, ensuring a fair and consistent experience for all users. By accessing and utilizing our platform, you agree to adhere to these terms, which cover various aspects such as user conduct, content usage, and legal compliance. It's crucial to familiarize yourself with these terms to ensure a smooth and respectful interaction with our website and its services.","text_color":"#6F6F6F","typography_typography":"custom","typography_font_family":"Montserrat","typography_font_size":{"unit":"px","size":16,"sizes":[]},"typography_font_weight":"400","typography_line_height":{"unit":"px","size":20,"sizes":[]},"_element_custom_width":{"unit":"px","size":603,"sizes":[]},"align":"right","align_mobile":"center"},"elements":[],"isInner":false,"widgetType":"text-editor","elType":"widget"}],"isInner":true,"elType":"column"},{"id":"4fa50e80","settings":{"_column_size":50,"_inline_size":null},"elements":[{"id":"3838fb5b","settings":{"image":{"id":666,"url":"http:\/\/localhost\/test2\/wp-content\/uploads\/2024\/05\/terms.jpg"},"image_size":"full","align_tablet":"center","width_tablet":{"unit":"%","size":100,"sizes":[]}},"elements":[],"isInner":false,"widgetType":"image","elType":"widget"}],"isInner":true,"elType":"column"}],"isInner":true,"elType":"section"}],"isInner":false,"elType":"column"},{"id":"5b3b6ef","settings":{"_column_size":50,"_inline_size":null,"margin":{"unit":"px","top":"0","right":"0","bottom":"0","left":"-50","isLinked":false},"padding":{"unit":"px","top":"50","right":"0","bottom":"0","left":"0","isLinked":false},"_inline_size_tablet":100,"margin_tablet":{"unit":"px","top":"0","right":"0","bottom":"0","left":"0","isLinked":false},"padding_tablet":{"unit":"px","top":"0","right":"10","bottom":"10","left":"10","isLinked":false},"padding_mobile":{"unit":"px","top":"50","right":"10","bottom":"10","left":"10","isLinked":false}},"elements":[{"id":"798be0","settings":{"layout":"full_width","gap":"no","structure":"20","reverse_order_mobile":"reverse-mobile"},"elements":[{"id":"5afb29e1","settings":{"_column_size":50,"_inline_size":null},"elements":[{"id":"1dbfc915","settings":{"image":{"id":667,"url":"http:\/\/localhost\/test2\/wp-content\/uploads\/2024\/05\/condition.jpg"},"image_size":"full","align_tablet":"center","width_tablet":{"unit":"%","size":100,"sizes":[]}},"elements":[],"isInner":false,"widgetType":"image","elType":"widget"}],"isInner":true,"elType":"column"},{"id":"5e096678","settings":{"_column_size":50,"_inline_size":null,"content_position_tablet":"center","padding":{"unit":"px","top":"0","right":"0","bottom":"0","left":"10","isLinked":false},"padding_mobile":{"unit":"px","top":"0","right":"0","bottom":"20","left":"0","isLinked":false}},"elements":[{"id":"6efac6d8","settings":{"title":"Condition","header_size":"h6","title_color":"#7469B6","typography_typography":"custom","typography_font_family":"Playfair Display","typography_font_size":{"unit":"px","size":22,"sizes":[]},"typography_font_weight":"600","typography_line_height":{"unit":"px","size":30,"sizes":[]},"align_mobile":"center"},"elements":[],"isInner":false,"widgetType":"heading","elType":"widget"},{"id":"146536f3","settings":{"editor":"Our conditions specify the requirements and limitations associated with using our website and its features. By accessing and using our platform, you agree to abide by these conditions, which may include age restrictions, registration requirements, and compliance with applicable laws and regulations. Understanding and adhering to these conditions help maintain a secure and reliable environment for all users.","text_color":"#6F6F6F","typography_typography":"custom","typography_font_family":"Montserrat","typography_font_size":{"unit":"px","size":16,"sizes":[]},"typography_font_weight":"400","typography_line_height":{"unit":"px","size":20,"sizes":[]},"_element_custom_width":{"unit":"px","size":603,"sizes":[]},"align_mobile":"center"},"elements":[],"isInner":false,"widgetType":"text-editor","elType":"widget"}],"isInner":true,"elType":"column"}],"isInner":true,"elType":"section"}],"isInner":false,"elType":"column"}],"isInner":false,"elType":"section"},{"id":"4ccf0862","settings":{"background_background":"classic","background_color":"#F4F2FF","border_radius":{"unit":"px","top":"46","right":"46","bottom":"46","left":"46","isLinked":true},"_title":"Shop","margin":{"unit":"px","top":"","right":0,"bottom":"","left":0,"isLinked":true}},"elements":[{"id":"5e7d9682","settings":{"_column_size":100,"_inline_size":null,"space_between_widgets":10,"padding":{"unit":"px","top":"20","right":"10","bottom":"20","left":"10","isLinked":false}},"elements":[{"id":"4ae6947f","settings":{"title":"Terms and","header_size":"h6","align":"center","title_color":"#7469B6","typography_typography":"custom","typography_font_family":"Montserrat","typography_font_size":{"unit":"px","size":16,"sizes":[]},"typography_font_weight":"600","typography_line_height":{"unit":"px","size":20,"sizes":[]}},"elements":[],"isInner":false,"widgetType":"heading","elType":"widget"},{"id":"5e44b50b","settings":{"title":"Conditions","header_size":"h3","align":"center","title_color":"#AD88C6","typography_typography":"custom","typography_font_family":"Playfair Display","typography_font_size":{"unit":"px","size":25,"sizes":[]},"typography_font_weight":"700","typography_line_height":{"unit":"px","size":34,"sizes":[]}},"elements":[],"isInner":false,"widgetType":"heading","elType":"widget"}],"isInner":false,"elType":"column"}],"isInner":false,"elType":"section"},{"id":"248bf82d","settings":{"content_width":{"unit":"px","size":1410,"sizes":[]},"padding":{"unit":"px","top":"50","right":"10","bottom":"90","left":"10","isLinked":false},"padding_tablet":{"unit":"px","top":"50","right":"10","bottom":"60","left":"10","isLinked":false},"padding_mobile":{"unit":"px","top":"20","right":"10","bottom":"40","left":"10","isLinked":false}},"elements":[{"id":"5f801e1c","settings":{"_column_size":100,"_inline_size":null},"elements":[{"id":"43a8049c","settings":{"layout":"full_width","gap":"no"},"elements":[{"id":"640f3cd4","settings":{"_column_size":100,"_inline_size":null,"space_between_widgets":15,"border_border":"solid","border_width":{"unit":"px","top":"0","right":"0","bottom":"1","left":"0","isLinked":false},"border_color":"#AD88C6","padding":{"unit":"px","top":"20","right":"10","bottom":"20","left":"10","isLinked":false}},"elements":[{"id":"794080fd","settings":{"title":"Terms and Conditions","header_size":"h6","title_color":"#7469B6","typography_typography":"custom","typography_font_family":"Playfair Display","typography_font_size":{"unit":"px","size":22,"sizes":[]},"typography_font_weight":"600","typography_line_height":{"unit":"px","size":30,"sizes":[]},"align":"left"},"elements":[],"isInner":false,"widgetType":"heading","elType":"widget"},{"id":"45383d48","settings":{"editor":"Welcome to Blossom Heaven! These terms and conditions outline the rules and regulations for the use of our website.\nBy accessing this website, we assume you accept these terms and conditions. Do not continue to use Blossom Heaven if you do not agree to all of the terms and conditions stated on this page.","text_color":"#6F6F6F","typography_typography":"custom","typography_font_family":"Montserrat","typography_font_size":{"unit":"px","size":16,"sizes":[]},"typography_font_weight":"500","typography_line_height":{"unit":"px","size":20,"sizes":[]},"_element_custom_width":{"unit":"px","size":603,"sizes":[]},"align":"justify"},"elements":[],"isInner":false,"widgetType":"text-editor","elType":"widget"}],"isInner":true,"elType":"column"}],"isInner":true,"elType":"section"},{"id":"6a83d0a5","settings":{"layout":"full_width","gap":"no"},"elements":[{"id":"7fde9328","settings":{"_column_size":100,"_inline_size":null,"space_between_widgets":15,"border_border":"solid","border_width":{"unit":"px","top":"0","right":"0","bottom":"1","left":"0","isLinked":false},"border_color":"#AD88C6","padding":{"unit":"px","top":"20","right":"10","bottom":"20","left":"10","isLinked":false}},"elements":[{"id":"74a7ff4a","settings":{"title":"The following terminology applies to these Terms and Conditions, Privacy Statement and Disclaimer Notice and all Agreements:","header_size":"h6","title_color":"#7469B6","typography_typography":"custom","typography_font_family":"Playfair Display","typography_font_size":{"unit":"px","size":22,"sizes":[]},"typography_font_weight":"600","typography_line_height":{"unit":"px","size":30,"sizes":[]},"align":"left"},"elements":[],"isInner":false,"widgetType":"heading","elType":"widget"},{"id":"288a692d","settings":{"editor":"<ul>\n<li>\"Client\", \"You\" and \"Your\" refers to you, the person accessing this website and accepting the Company's terms and conditions.<\/li>\n<li>\"The Company\", \"Ourselves\", \"We\", \"Our\" and \"Us\", refers to our Company.<\/li>\n<li>\"Party\", \"Parties\", or \"Us\", refers to both the Client and ourselves, or either the Client or ourselves.<\/li>\n<li>All terms refer to the offer, acceptance and consideration of payment necessary to undertake the process of our assistance to the Client in the most appropriate manner, whether by formal meetings of a fixed duration, or any other means, for the express purpose of meeting the Client's needs in respect of provision of the Company's stated services\/products, in accordance with and subject to, prevailing law of [Country].<\/li>\n<li>Any use of the above terminology or other words in the singular, plural, capitalization and\/or he\/she or they, are taken as interchangeable and therefore as referring to same.<\/li>\n<\/ul>","text_color":"#6F6F6F","typography_typography":"custom","typography_font_family":"Montserrat","typography_font_size":{"unit":"px","size":16,"sizes":[]},"typography_font_weight":"500","typography_line_height":{"unit":"px","size":20,"sizes":[]},"_element_custom_width":{"unit":"px","size":603,"sizes":[]},"align":"justify","_css_classes":"fsp-listing"},"elements":[],"isInner":false,"widgetType":"text-editor","elType":"widget"}],"isInner":true,"elType":"column"}],"isInner":true,"elType":"section"},{"id":"2d38a89","settings":{"layout":"full_width","gap":"no"},"elements":[{"id":"2c8bc6bb","settings":{"_column_size":100,"_inline_size":null,"space_between_widgets":15,"border_border":"solid","border_width":{"unit":"px","top":"0","right":"0","bottom":"1","left":"0","isLinked":false},"border_color":"#AD88C6","padding":{"unit":"px","top":"20","right":"10","bottom":"20","left":"10","isLinked":false}},"elements":[{"id":"268facf9","settings":{"title":"Cookies:","header_size":"h6","title_color":"#7469B6","typography_typography":"custom","typography_font_family":"Playfair Display","typography_font_size":{"unit":"px","size":22,"sizes":[]},"typography_font_weight":"600","typography_line_height":{"unit":"px","size":30,"sizes":[]},"align":"left"},"elements":[],"isInner":false,"widgetType":"heading","elType":"widget"},{"id":"3f276e5a","settings":{"editor":"We employ the use of cookies. By using [Your Company Name]'s website you consent to the use of cookies in accordance with [Your Company Name]'s privacy policy.","text_color":"#6F6F6F","typography_typography":"custom","typography_font_family":"Montserrat","typography_font_size":{"unit":"px","size":16,"sizes":[]},"typography_font_weight":"500","typography_line_height":{"unit":"px","size":20,"sizes":[]},"_element_custom_width":{"unit":"px","size":603,"sizes":[]},"align":"justify"},"elements":[],"isInner":false,"widgetType":"text-editor","elType":"widget"}],"isInner":true,"elType":"column"}],"isInner":true,"elType":"section"},{"id":"50ba699c","settings":{"layout":"full_width","gap":"no"},"elements":[{"id":"7862bb4e","settings":{"_column_size":100,"_inline_size":null,"space_between_widgets":15,"border_border":"solid","border_width":{"unit":"px","top":"0","right":"0","bottom":"1","left":"0","isLinked":false},"border_color":"#AD88C6","padding":{"unit":"px","top":"20","right":"10","bottom":"20","left":"10","isLinked":false}},"elements":[{"id":"51b33427","settings":{"title":"License:","header_size":"h6","title_color":"#7469B6","typography_typography":"custom","typography_font_family":"Playfair Display","typography_font_size":{"unit":"px","size":22,"sizes":[]},"typography_font_weight":"600","typography_line_height":{"unit":"px","size":30,"sizes":[]},"align":"left"},"elements":[],"isInner":false,"widgetType":"heading","elType":"widget"},{"id":"3d87bb77","settings":{"editor":"Unless otherwise stated, Blossom Heaven and\/or its licensors own the intellectual property rights for all material on Blossom Heaven. All intellectual property rights are reserved. You may access this from Blossom Heaven for your own personal use subjected to restrictions set in these terms and conditions.","text_color":"#6F6F6F","typography_typography":"custom","typography_font_family":"Montserrat","typography_font_size":{"unit":"px","size":16,"sizes":[]},"typography_font_weight":"500","typography_line_height":{"unit":"px","size":20,"sizes":[]},"_element_custom_width":{"unit":"px","size":603,"sizes":[]},"align":"justify"},"elements":[],"isInner":false,"widgetType":"text-editor","elType":"widget"}],"isInner":true,"elType":"column"}],"isInner":true,"elType":"section"},{"id":"5cfb9e9a","settings":{"layout":"full_width","gap":"no"},"elements":[{"id":"2f3a11f2","settings":{"_column_size":100,"_inline_size":null,"space_between_widgets":15,"border_border":"solid","border_width":{"unit":"px","top":"0","right":"0","bottom":"1","left":"0","isLinked":false},"border_color":"#AD88C6","padding":{"unit":"px","top":"20","right":"10","bottom":"20","left":"10","isLinked":false}},"elements":[{"id":"35b53131","settings":{"title":"You must not:","header_size":"h6","title_color":"#7469B6","typography_typography":"custom","typography_font_family":"Playfair Display","typography_font_size":{"unit":"px","size":22,"sizes":[]},"typography_font_weight":"600","typography_line_height":{"unit":"px","size":30,"sizes":[]},"align":"left"},"elements":[],"isInner":false,"widgetType":"heading","elType":"widget"},{"id":"4225b478","settings":{"editor":"<ul>\n \t<li>Republish material from Blossom Heaven<\/li>\n \t<li>Sell, rent or sub-license material from Blossom Heaven<\/li>\n \t<li>Reproduce, duplicate or copy material from Blossom Heaven<\/li>\n \t<li>Redistribute content from Blossom Heaven<\/li>\n<\/ul>","text_color":"#6F6F6F","typography_typography":"custom","typography_font_family":"Montserrat","typography_font_size":{"unit":"px","size":16,"sizes":[]},"typography_font_weight":"500","typography_line_height":{"unit":"px","size":20,"sizes":[]},"_element_custom_width":{"unit":"px","size":603,"sizes":[]},"align":"justify","_css_classes":"fsp-listing"},"elements":[],"isInner":false,"widgetType":"text-editor","elType":"widget"}],"isInner":true,"elType":"column"}],"isInner":true,"elType":"section"},{"id":"6db4a3bc","settings":{"layout":"full_width","gap":"no"},"elements":[{"id":"204547dd","settings":{"_column_size":100,"_inline_size":null,"space_between_widgets":15,"border_border":"solid","border_width":{"unit":"px","top":"0","right":"0","bottom":"1","left":"0","isLinked":false},"border_color":"#AD88C6","padding":{"unit":"px","top":"20","right":"10","bottom":"20","left":"10","isLinked":false}},"elements":[{"id":"49fd949b","settings":{"title":"Reservation of Rights:","header_size":"h6","title_color":"#7469B6","typography_typography":"custom","typography_font_family":"Playfair Display","typography_font_size":{"unit":"px","size":22,"sizes":[]},"typography_font_weight":"600","typography_line_height":{"unit":"px","size":30,"sizes":[]},"align":"left"},"elements":[],"isInner":false,"widgetType":"heading","elType":"widget"},{"id":"26a08ed0","settings":{"editor":"We reserve the right to request that you remove all links or any particular link to our Website. You approve to immediately remove all links to our Website upon request. We also reserve the right to amend these terms and conditions and it's linking policy at any time. By continuously linking to our Website, you agree to be bound to and follow these linking terms and conditions.","text_color":"#6F6F6F","typography_typography":"custom","typography_font_family":"Montserrat","typography_font_size":{"unit":"px","size":16,"sizes":[]},"typography_font_weight":"500","typography_line_height":{"unit":"px","size":20,"sizes":[]},"_element_custom_width":{"unit":"px","size":603,"sizes":[]},"align":"justify"},"elements":[],"isInner":false,"widgetType":"text-editor","elType":"widget"}],"isInner":true,"elType":"column"}],"isInner":true,"elType":"section"},{"id":"3281cd70","settings":{"layout":"full_width","gap":"no"},"elements":[{"id":"55e61191","settings":{"_column_size":100,"_inline_size":null,"space_between_widgets":15,"border_border":"solid","border_width":{"unit":"px","top":"0","right":"0","bottom":"1","left":"0","isLinked":false},"border_color":"#AD88C6","padding":{"unit":"px","top":"20","right":"10","bottom":"20","left":"10","isLinked":false}},"elements":[{"id":"722a7bbf","settings":{"title":"Removal of links from our website:","header_size":"h6","title_color":"#7469B6","typography_typography":"custom","typography_font_family":"Playfair Display","typography_font_size":{"unit":"px","size":22,"sizes":[]},"typography_font_weight":"600","typography_line_height":{"unit":"px","size":30,"sizes":[]},"align":"left"},"elements":[],"isInner":false,"widgetType":"heading","elType":"widget"},{"id":"6b4309bf","settings":{"editor":"If you find any link on our Website that is offensive for any reason, you are free to contact and inform us any moment. We will consider requests to remove links but we are not obligated to do so or to respond to you directly.","text_color":"#6F6F6F","typography_typography":"custom","typography_font_family":"Montserrat","typography_font_size":{"unit":"px","size":16,"sizes":[]},"typography_font_weight":"500","typography_line_height":{"unit":"px","size":20,"sizes":[]},"_element_custom_width":{"unit":"px","size":603,"sizes":[]},"align":"justify"},"elements":[],"isInner":false,"widgetType":"text-editor","elType":"widget"}],"isInner":true,"elType":"column"}],"isInner":true,"elType":"section"},{"id":"449dabcd","settings":{"layout":"full_width","gap":"no"},"elements":[{"id":"7540bda","settings":{"_column_size":100,"_inline_size":null,"space_between_widgets":15,"border_border":"solid","border_width":{"unit":"px","top":"0","right":"0","bottom":"1","left":"0","isLinked":false},"border_color":"#AD88C6","padding":{"unit":"px","top":"20","right":"10","bottom":"20","left":"10","isLinked":false}},"elements":[{"id":"d5c523a","settings":{"title":"Disclaimer:","header_size":"h6","title_color":"#7469B6","typography_typography":"custom","typography_font_family":"Playfair Display","typography_font_size":{"unit":"px","size":22,"sizes":[]},"typography_font_weight":"600","typography_line_height":{"unit":"px","size":30,"sizes":[]},"align":"left"},"elements":[],"isInner":false,"widgetType":"heading","elType":"widget"},{"id":"7bbb6537","settings":{"editor":"To the maximum extent permitted by applicable law, we exclude all representations, warranties, and conditions relating to our website and the use of this website. Nothing in this disclaimer will:","text_color":"#6F6F6F","typography_typography":"custom","typography_font_family":"Montserrat","typography_font_size":{"unit":"px","size":16,"sizes":[]},"typography_font_weight":"500","typography_line_height":{"unit":"px","size":20,"sizes":[]},"_element_custom_width":{"unit":"px","size":603,"sizes":[]},"align":"justify"},"elements":[],"isInner":false,"widgetType":"text-editor","elType":"widget"},{"id":"43b8541b","settings":{"editor":"<ul>\n \t<li>limit or exclude our or your liability for death or personal injury;<\/li>\n \t<li>limit or exclude our or your liability for fraud or fraudulent misrepresentation;<\/li>\n \t<li>limit any of our or your liabilities in any way that is not permitted under applicable law; or<\/li>\n \t<li>exclude any of our or your liabilities that may not be excluded under applicable law.<\/li>\n<\/ul>","text_color":"#6F6F6F","typography_typography":"custom","typography_font_family":"Montserrat","typography_font_size":{"unit":"px","size":16,"sizes":[]},"typography_font_weight":"500","typography_line_height":{"unit":"px","size":20,"sizes":[]},"_element_custom_width":{"unit":"px","size":603,"sizes":[]},"align":"justify","_css_classes":"fsp-listing"},"elements":[],"isInner":false,"widgetType":"text-editor","elType":"widget"},{"id":"41cc0a61","settings":{"editor":"The limitations and prohibitions of liability set in this Section and elsewhere in this disclaimer: (a) are subject to the preceding paragraph; and (b) govern all liabilities arising under the disclaimer, including liabilities arising in contract, in tort, and for breach of statutory duty.","text_color":"#6F6F6F","typography_typography":"custom","typography_font_family":"Montserrat","typography_font_size":{"unit":"px","size":16,"sizes":[]},"typography_font_weight":"500","typography_line_height":{"unit":"px","size":20,"sizes":[]},"_element_custom_width":{"unit":"px","size":603,"sizes":[]},"align":"justify"},"elements":[],"isInner":false,"widgetType":"text-editor","elType":"widget"},{"id":"b49b995","settings":{"editor":"As long as the website and the information and services on the website are provided free of charge, we will not be liable for any loss or damage of any nature.","text_color":"#6F6F6F","typography_typography":"custom","typography_font_family":"Montserrat","typography_font_size":{"unit":"px","size":16,"sizes":[]},"typography_font_weight":"500","typography_line_height":{"unit":"px","size":20,"sizes":[]},"_element_custom_width":{"unit":"px","size":603,"sizes":[]},"align":"justify"},"elements":[],"isInner":false,"widgetType":"text-editor","elType":"widget"}],"isInner":true,"elType":"column"}],"isInner":true,"elType":"section"},{"id":"533b1ff2","settings":{"layout":"full_width","gap":"no"},"elements":[{"id":"370be708","settings":{"_column_size":100,"_inline_size":null,"space_between_widgets":15,"border_border":"solid","border_width":{"unit":"px","top":"0","right":"0","bottom":"1","left":"0","isLinked":false},"border_color":"#AD88C6","padding":{"unit":"px","top":"20","right":"10","bottom":"20","left":"10","isLinked":false}},"elements":[{"id":"7c301bfe","settings":{"title":"Contact Us:","header_size":"h6","title_color":"#7469B6","typography_typography":"custom","typography_font_family":"Playfair Display","typography_font_size":{"unit":"px","size":22,"sizes":[]},"typography_font_weight":"600","typography_line_height":{"unit":"px","size":30,"sizes":[]},"align":"left"},"elements":[],"isInner":false,"widgetType":"heading","elType":"widget"},{"id":"29894fc","settings":{"editor":"If you have any questions or concerns about our Privacy Policy or the handling of your personal information, please contact us at [Your Company Email Address].","text_color":"#6F6F6F","typography_typography":"custom","typography_font_family":"Montserrat","typography_font_size":{"unit":"px","size":16,"sizes":[]},"typography_font_weight":"500","typography_line_height":{"unit":"px","size":20,"sizes":[]},"_element_custom_width":{"unit":"px","size":603,"sizes":[]},"align":"justify"},"elements":[],"isInner":false,"widgetType":"text-editor","elType":"widget"}],"isInner":true,"elType":"column"}],"isInner":true,"elType":"section"}],"isInner":false,"elType":"column"}],"isInner":false,"elType":"section"}],"page_settings":[],"version":"0.4","title":"fsp-terms-4-may","type":"page"}