{"content":[{"id":"6fa6005","settings":{"content_width":{"unit":"px","size":1410,"sizes":[]},"height":"min-height","background_background":"classic","background_image":{"id":"174","url":"http:\/\/localhost\/test2\/wp-content\/uploads\/2024\/05\/hero-banner-scaled-1-2.jpg"},"background_position":"center center","background_repeat":"no-repeat","background_size":"cover","background_overlay_background":"gradient","background_overlay_color":"#000000DE","background_overlay_color_b":"#00000000","background_overlay_opacity":{"unit":"px","size":1,"sizes":[]},"border_radius":{"unit":"px","top":"20","right":"20","bottom":"20","left":"20","isLinked":true},"padding":{"unit":"px","top":"10","right":"10","bottom":"10","left":"10","isLinked":true},"background_overlay_color_b_stop":{"unit":"%","size":55,"sizes":[]}},"elements":[{"id":"15437e1f","settings":{"_column_size":100,"_inline_size":null},"elements":[{"id":"58129d64","settings":{"title":"Contact Us","header_size":"h1","align":"center","title_color":"#FFFFFF","typography_typography":"custom","typography_font_family":"Playfair Display","typography_font_size":{"unit":"px","size":58,"sizes":[]},"typography_font_weight":"700","typography_line_height":{"unit":"px","size":77,"sizes":[]},"typography_font_size_mobile":{"unit":"px","size":42,"sizes":[]},"typography_line_height_mobile":{"unit":"px","size":50,"sizes":[]}},"elements":[],"isInner":false,"widgetType":"heading","elType":"widget"}],"isInner":false,"elType":"column"}],"isInner":false,"elType":"section"},{"id":"443185c9","settings":{"content_width":{"unit":"px","size":1410,"sizes":[]},"padding":{"unit":"px","top":"50","right":"10","bottom":"90","left":"10","isLinked":false},"padding_mobile":{"unit":"px","top":"50","right":"10","bottom":"50","left":"10","isLinked":false}},"elements":[{"id":"36b1c64a","settings":{"_column_size":100,"_inline_size":null,"background_background":"classic","background_color":"#F9F8FF","border_radius":{"unit":"px","top":"27","right":"27","bottom":"27","left":"27","isLinked":true},"padding":{"unit":"px","top":"0","right":"0","bottom":"0","left":"0","isLinked":false},"margin_mobile":{"unit":"px","top":"0","right":"10","bottom":"0","left":"10","isLinked":false},"box_shadow_box_shadow_type":"yes","box_shadow_box_shadow":{"horizontal":0,"vertical":8,"blur":14,"spread":0,"color":"rgba(0, 0, 0, 0.25098039215686274)"}},"elements":[{"id":"3070d2f8","settings":{"layout":"full_width","gap":"no","structure":"20","padding":{"unit":"px","top":"0","right":"50","bottom":"0","left":"100","isLinked":false},"z_index":2,"padding_tablet":{"unit":"px","top":"0","right":"20","bottom":"0","left":"20","isLinked":false},"padding_mobile":{"unit":"px","top":"0","right":"0","bottom":"0","left":"0","isLinked":false},"reverse_order_mobile":"reverse-mobile"},"elements":[{"id":"1305d76e","settings":{"_column_size":50,"_inline_size":30,"space_between_widgets":0,"background_background":"classic","background_color":"#7469B6","color_link":"#FFFFFF"},"elements":[{"id":"964beca","settings":{"image":{"id":375,"url":"http:\/\/localhost\/test2\/wp-content\/uploads\/2024\/05\/contact-us-1.jpg"},"image_size":"full","width_mobile":{"unit":"%","size":100,"sizes":[]}},"elements":[],"isInner":false,"widgetType":"image","elType":"widget"},{"id":"3053613e","settings":{"title":"Talk To Us","header_size":"h6","title_color":"#FFFFFF","typography_typography":"custom","typography_font_family":"Playfair Display","typography_font_size":{"unit":"px","size":18,"sizes":[]},"typography_font_weight":"600","typography_line_height":{"unit":"px","size":24,"sizes":[]},"_padding":{"unit":"px","top":"20","right":"30","bottom":"20","left":"30","isLinked":false}},"elements":[],"isInner":false,"widgetType":"heading","elType":"widget"},{"id":"192c5649","settings":{"icon_list":[{"text":"Email: Golf@gmail.com","selected_icon":{"value":"","library":""},"_id":"c9f00a1","link":{"url":"mailto:Golf@gmail.com","is_external":"","nofollow":"","custom_attributes":""}},{"text":"Phone No: +1 (555) 123-4567","selected_icon":{"value":"","library":""},"_id":"ffa07ca","link":{"url":"tel:+1 (555) 123-4567","is_external":"","nofollow":"","custom_attributes":""}}],"space_between":{"unit":"px","size":10,"sizes":[]},"icon_typography_typography":"custom","icon_typography_font_family":"Montserrat","icon_typography_font_size":{"unit":"px","size":14,"sizes":[]},"icon_typography_font_weight":"600","icon_typography_line_height":{"unit":"px","size":17,"sizes":[]},"text_color":"#FFFFFF","_padding":{"unit":"px","top":"0","right":"30","bottom":"30","left":"30","isLinked":false}},"elements":[],"isInner":false,"widgetType":"icon-list","elType":"widget"},{"id":"27c4fdee","settings":{"icon_list":[{"text":"Facebook","selected_icon":{"value":"","library":""},"_id":"5fb9661","link":{"url":"https:\/\/www.facebook.com\/","is_external":"","nofollow":"","custom_attributes":""}},{"text":"Instagram","selected_icon":{"value":"","library":""},"link":{"url":"https:\/\/www.instagram.com\/","is_external":"","nofollow":"","custom_attributes":""},"_id":"815e20f"}],"space_between":{"unit":"px","size":10,"sizes":[]},"icon_typography_typography":"custom","icon_typography_font_family":"Montserrat","icon_typography_font_size":{"unit":"px","size":14,"sizes":[]},"icon_typography_font_weight":"600","icon_typography_line_height":{"unit":"px","size":17,"sizes":[]},"text_color":"#FFFFFF","_padding":{"unit":"px","top":"0","right":"30","bottom":"50","left":"30","isLinked":false},"_css_classes":"fsp-talk-us"},"elements":[],"isInner":false,"widgetType":"icon-list","elType":"widget"},{"id":"28a7eb5e","settings":{"title":"Visit our location","header_size":"h6","title_color":"#FFFFFF","typography_typography":"custom","typography_font_family":"Playfair Display","typography_font_size":{"unit":"px","size":18,"sizes":[]},"typography_font_weight":"600","typography_line_height":{"unit":"px","size":24,"sizes":[]},"_padding":{"unit":"px","top":"0","right":"30","bottom":"20","left":"30","isLinked":false}},"elements":[],"isInner":false,"widgetType":"heading","elType":"widget"},{"id":"260ffe5c","settings":{"editor":"<p><a href=\"https:\/\/www.google.com\/maps\/search\/123+Fairway+Lane+Golftown,+Golfshire,+56789%E2%80%A8United+States.\/@40.1331907,-75.3933757,17z\/data=!3m1!4b1?entry=ttu\" target=\"_blank\" rel=\"noopener\">123 Fairway Lane Golftown, Golfshire, 56789\u2028United States.<\/a><\/p>","text_color":"#FFFFFF","typography_typography":"custom","typography_font_family":"Montserrat","typography_font_size":{"unit":"px","size":14,"sizes":[]},"typography_font_weight":"600","typography_line_height":{"unit":"px","size":17,"sizes":[]},"_padding":{"unit":"px","top":"0","right":"30","bottom":"30","left":"30","isLinked":false}},"elements":[],"isInner":false,"widgetType":"text-editor","elType":"widget"},{"id":"7efe5de7","settings":{"editor":"Locate on Map","text_color":"#FFFFFF","typography_typography":"custom","typography_font_family":"Montserrat","typography_font_size":{"unit":"px","size":14,"sizes":[]},"typography_font_weight":"600","typography_line_height":{"unit":"px","size":17,"sizes":[]},"_padding":{"unit":"px","top":"0","right":"30","bottom":"5","left":"30","isLinked":false}},"elements":[],"isInner":false,"widgetType":"text-editor","elType":"widget"},{"id":"3148a46b","settings":{"width":{"unit":"px","size":40,"sizes":[]},"width_tablet":{"unit":"px","size":"","sizes":[]},"width_mobile":{"unit":"px","size":"","sizes":[]},"text":"Divider","color":"#FFFFFF","gap":{"unit":"px","size":0,"sizes":[]},"_padding":{"unit":"px","top":"0","right":"30","bottom":"0","left":"30","isLinked":false}},"elements":[],"isInner":false,"widgetType":"divider","elType":"widget"},{"id":"33fa52","settings":{"address":"London Eye, London, United Kingdom","height":{"unit":"px","size":130,"sizes":[]},"_padding":{"unit":"px","top":"10","right":"30","bottom":"30","left":"30","isLinked":false}},"elements":[],"isInner":false,"widgetType":"google_maps","elType":"widget"}],"isInner":true,"elType":"column"},{"id":"5436b779","settings":{"_column_size":50,"_inline_size":70,"padding":{"unit":"px","top":"70","right":"10","bottom":"70","left":"150","isLinked":false},"padding_tablet":{"unit":"px","top":"70","right":"10","bottom":"70","left":"50","isLinked":false},"padding_mobile":{"unit":"px","top":"50","right":"20","bottom":"50","left":"20","isLinked":false}},"elements":[{"id":"138af68b","settings":{"title":"Contact Us","header_size":"h6","title_color":"#7469B6","typography_typography":"custom","typography_font_family":"Montserrat","typography_font_size":{"unit":"px","size":22,"sizes":[]},"typography_font_weight":"600","typography_line_height":{"unit":"px","size":27,"sizes":[]},"_padding":{"unit":"px","top":"0","right":"0","bottom":"50","left":"0","isLinked":false},"align_mobile":"center"},"elements":[],"isInner":false,"widgetType":"heading","elType":"widget"},{"id":"ccd601","settings":{"shortcode":"[contact-form-7 id=\"\" title=\"Contact Page\"]","_css_classes":"fsp-contact-form"},"elements":[],"isInner":false,"widgetType":"shortcode","elType":"widget"}],"isInner":true,"elType":"column"}],"isInner":true,"elType":"section"},{"id":"6d43a271","settings":{"image":{"id":376,"url":"http:\/\/localhost\/test2\/wp-content\/uploads\/2024\/05\/contact-us-star-1.png"},"image_size":"full","align":"left","_position":"absolute","_offset_x":{"unit":"%","size":30,"sizes":[]},"_offset_x_tablet":{"unit":"%","size":"","sizes":[]},"_offset_x_mobile":{"unit":"%","size":"","sizes":[]},"space_mobile":{"unit":"px","size":200,"sizes":[]}},"elements":[],"isInner":false,"widgetType":"image","elType":"widget"},{"id":"14ed7a4f","settings":{"image":{"id":376,"url":"http:\/\/localhost\/test2\/wp-content\/uploads\/2024\/05\/contact-us-star-1.png"},"image_size":"full","align":"right","_position":"absolute","_offset_orientation_h":"end","_offset_x":{"unit":"%","size":"","sizes":[]},"_offset_x_tablet":{"unit":"%","size":"","sizes":[]},"_offset_x_mobile":{"unit":"%","size":"","sizes":[]},"_offset_orientation_v":"end","_offset_y":{"unit":"px","size":"","sizes":[]}},"elements":[],"isInner":false,"widgetType":"image","elType":"widget"}],"isInner":false,"elType":"column"}],"isInner":false,"elType":"section"}],"page_settings":[],"version":"0.4","title":"fsp-contact-14-may","type":"page"}