{"content":[{"id":"5a4a4095","settings":{"layout":"full_width","gap":"no","height":"min-height","custom_height":{"unit":"px","size":11,"sizes":[]},"background_background":"classic","background_color":"#7469B6","padding":{"unit":"px","top":"0","right":"0","bottom":"0","left":"0","isLinked":true}},"elements":[{"id":"70f65ce","settings":{"_column_size":100,"_inline_size":null,"padding":{"unit":"px","top":"0","right":"0","bottom":"0","left":"0","isLinked":true}},"elements":[],"isInner":false,"elType":"column"}],"isInner":false,"elType":"section"},{"id":"15c13913","settings":{"content_width":{"unit":"px","size":1430,"sizes":[]},"content_position":"middle","structure":"20","padding":{"unit":"px","top":"10","right":"10","bottom":"10","left":"10","isLinked":false},"_element_id":"vw-sticky-menu-one"},"elements":[{"id":"314d76b9","settings":{"_column_size":50,"_inline_size":15,"_inline_size_mobile":50},"elements":[{"id":"81a278a","settings":{"image":{"id":"167","url":"http:\/\/localhost\/test2\/wp-content\/uploads\/2024\/05\/flower-shop-logo-2-2.png"},"image_size":"full","width":{"unit":"%","size":100,"sizes":[]},"width_tablet":{"unit":"px","size":"","sizes":[]},"width_mobile":{"unit":"px","size":"","sizes":[]},"space":{"unit":"px","size":150,"sizes":[]},"space_tablet":{"unit":"px","size":"","sizes":[]},"space_mobile":{"unit":"px","size":"","sizes":[]},"align":"left"},"elements":[],"isInner":false,"widgetType":"image","elType":"widget"}],"isInner":false,"elType":"column"},{"id":"41d05e72","settings":{"_column_size":50,"_inline_size":85,"_inline_size_mobile":50},"elements":[{"id":"772d40ed","settings":{"layout":"full_width","gap":"no","structure":"20"},"elements":[{"id":"29b41ea","settings":{"_column_size":50,"_inline_size":90,"content_position":"center","align":"flex-end","_inline_size_tablet":86,"_inline_size_mobile":38},"elements":[{"id":"2cae1ebd","settings":{"menu_id":"17","menu_item_color":"#6F6F6F","menu_item_color_hover":"#7469B6","menu_item_typography_typography":"custom","menu_item_typography_font_family":"Montserrat","menu_item_typography_font_size":{"unit":"px","size":14,"sizes":[]},"menu_item_typography_font_weight":"500","menu_item_typography_line_height":{"unit":"px","size":18,"sizes":[]},"icons_size":{"unit":"px","size":14,"sizes":[]},"pointer_color":"#7469B6","_element_width":"auto","responsive_breakpoint":1023,"menu_item_padding":{"unit":"px","top":"10","right":"15","bottom":"10","left":"15","isLinked":false},"menu_sub_item_color":"#6F6F6F","menu_sub_item_color_hover":"#7469B6","current_menu_item_color":"#7469B6","burger_background_color":"#7469B6","burger_menu_close_background_color":"#7469B6","burger_menu_color":"#FFFFFF","burger_menu_close_icon_color":"#FFFFFF","burger_size":{"unit":"px","size":40,"sizes":[]},"burger_menu_icon_size":{"unit":"px","size":24,"sizes":[]},"responsive_menu_position":"end","align":"flex-end","responsive_menu_spacing":1,"items_gap":{"unit":"px","size":15,"sizes":[]},"drop_down_width":{"unit":"px","size":20,"sizes":[]},"dropdown_offset":{"unit":"px","size":50,"sizes":[]},"responsive_menu_background_color":"#7469B6","_css_classes":"header-menu","menu_item_typography_text_transform":"uppercase"},"elements":[],"isInner":false,"widgetType":"ucaddon_nav_menu","elType":"widget"}],"isInner":true,"elType":"column"},{"id":"6b8712fb","settings":{"_column_size":50,"_inline_size":10,"content_position":"center","align":"flex-end","_inline_size_tablet":14,"_inline_size_mobile":62},"elements":[{"id":"634688c0","settings":{"hfe_cart_type":"custom","icon":"bag-solid","show_subtotal":"","align":"center","toggle_button_border_width":{"unit":"px","top":"0","right":"1","bottom":"0","left":"0","isLinked":false},"toggle_button_border_radius":{"unit":"px","top":"0","right":"0","bottom":"0","left":"0","isLinked":true},"toggle_button_padding":{"unit":"px","top":"0","right":"10","bottom":"0","left":"0","isLinked":false},"toggle_button_icon_color":"#7469B6","toggle_icon_size":{"unit":"px","size":24,"sizes":[]},"items_indicator_text_color":"#7469B6","_element_width":"initial","_element_custom_width":{"unit":"px","size":50,"sizes":[]},"_css_classes":"fsp-cart-icon"},"elements":[],"isInner":false,"widgetType":"hfe-cart","elType":"widget"},{"id":"5cd83c43","settings":{"selected_icon":{"value":"fas fa-user","library":"fa-solid"},"primary_color":"#7469B6","size":{"unit":"px","size":24,"sizes":[]},"_element_width":"initial","_element_custom_width":{"unit":"px","size":30,"sizes":[]}},"elements":[],"isInner":false,"widgetType":"icon","elType":"widget"}],"isInner":true,"elType":"column"}],"isInner":true,"elType":"section"}],"isInner":false,"elType":"column"}],"isInner":false,"elType":"section"}],"page_settings":[],"version":"0.4","title":"fsp-header-11-may","type":"page"}